"email","january","february","march","april","may","june","july","august","september","october","november","december"
"jbutt@gmail.com",6300,6300,8800,8800,8800,8800,8800,8800,8800,8800,8800,8800
"josephine_darakjy@darakjy.org",9500,9500,9500,9500,9500,9500,9500,9500,9500,9500,9500,9500
"art@venere.org",9800,9800,9800,9800,9800,9800,9800,9800,9800,9800,9800,9800
"lpaprocki@hotmail.com",8900,8900,8900,8900,8900,8900,8900,8900,8900,8900,8900,8900
"donette.foller@cox.net",6500,6500,6500,6700,6700,6700,6700,6700,6700,6700,6700,9500
"simona@morasca.com",9400,9400,9400,9700,9700,9700,9700,9700,9700,9700,9700,9700
"mitsue_tollner@yahoo.com",6100,6100,6100,6100,6100,7100,7100,7100,7100,7100,7100,7100
"leota@hotmail.com",8700,8700,8700,8700,9500,9500,9500,9500,9500,9500,9500,9500
"sage_wieser@cox.net",8700,8700,8700,8700,9000,9000,9000,9000,9000,9000,9000,9000
"kris@gmail.com",7200,7200,9800,9800,9800,9800,9800,9800,9800,9800,9800,9800
"minna_amigon@yahoo.com",6100,6100,7300,7300,7300,7300,7300,9900,9900,9900,9900,9900
"amaclead@gmail.com",8900,8900,8900,8900,8900,8900,8900,8900,8900,8900,8900,8900
"kiley.caldarera@aol.com",8000,8000,8000,8000,8000,8300,8300,8300,8300,8300,8300,8300
"gruta@cox.net",6900,6900,6900,6900,6900,9200,9200,9200,9200,9200,9200,9200
"calbares@gmail.com",6400,8700,8700,8700,8700,8700,8700,8700,8700,8700,8700,9800
"mattie@aol.com",6100,8700,8700,8700,8700,8700,8700,8700,8700,8700,8700,8700
"meaghan@hotmail.com",8200,8200,8900,8900,8900,8900,8900,8900,8900,8900,8900,8900
"gladys.rim@rim.org",8400,8400,8400,8400,8400,8400,8400,8400,8400,8400,8400,8400
"yuki_whobrey@aol.com",7800,7800,7800,9200,9200,9200,9200,9200,9200,9200,9400,9400
"fletcher.flosi@yahoo.com",9400,9400,9400,9400,9400,9400,9400,9400,9400,9400,9400,9400
"bette_nicka@cox.net",8300,8300,9400,9400,9900,9900,9900,9900,9900,9900,9900,9900
"vinouye@aol.com",9300,9300,9300,9300,9300,9300,9300,9300,9300,9300,9300,9300
"willard@hotmail.com",9700,9700,9700,9700,9700,9700,9700,9700,9700,9700,9700,9700
"mroyster@royster.com",9100,9100,9100,9100,9100,9100,9100,9600,9600,9600,9600,9600
"alisha@slusarski.com",9900,9900,9900,9900,9900,9900,9900,9900,9900,9900,9900,9900
"allene_iturbide@cox.net",9300,9300,9600,9600,9600,9600,9600,9600,9600,9600,9600,9600
"chanel.caudy@caudy.org",8400,8400,8400,8400,8400,8400,8400,8400,8400,8400,8400,8400
"ezekiel@chui.com",9800,9800,9800,9800,9800,9800,9800,9800,9800,9800,9800,9800
"wkusko@yahoo.com",9900,9900,9900,9900,9900,9900,9900,9900,9900,9900,9900,9900
"bfigeroa@aol.com",8500,8500,8600,8700,8700,8700,8700,8700,8700,8700,8700,8700
"ammie@corrio.com",6100,6100,6100,6100,6100,7700,7700,7700,7700,7700,7700,7700
"francine_vocelka@vocelka.com",9100,9100,9100,9100,9100,9100,9100,9100,9100,9100,9100,9100
"ernie_stenseth@aol.com",9400,9400,9400,9400,9400,9400,9400,9400,9400,9400,9400,9600
"albina@glick.com",8200,8200,8200,8200,8200,8200,8200,8200,8200,8200,8200,8200
"asergi@gmail.com",9300,9300,9300,9300,9300,9400,9400,9400,9400,9400,9400,9400
"solange@shinko.com",7700,7700,7700,7700,7700,7700,7700,7700,7700,9600,9600,9600
"jose@yahoo.com",6100,6100,6100,6100,6100,6100,9900,9900,9900,9900,9900,9900
"rozella.ostrosky@ostrosky.com",7200,7200,9500,9500,9500,9500,9500,9500,9600,9600,9600,9600
"valentine_gillian@gmail.com",7200,7200,9700,9700,9700,9700,9700,9700,9700,9700,9700,9700
"kati.rulapaugh@hotmail.com",8300,8300,8300,8300,8300,8300,8300,8300,8900,8900,8900,8900
"youlanda@aol.com",8000,8000,8000,9400,9400,9400,9400,9400,9400,9400,9400,9400
"doldroyd@aol.com",8600,8600,8600,8600,8600,9700,9700,9700,9700,9700,9700,9700
"roxane@hotmail.com",6800,7200,7200,7200,7200,7200,9500,9500,9500,9500,9500,9500
"lperin@perin.org",9100,9100,9100,9100,9100,9100,9100,9100,9100,9100,9100,9100
"erick.ferencz@aol.com",7000,7000,7000,7400,9400,9400,9400,9400,9400,9400,9400,9400
"fsaylors@saylors.org",6100,6100,6100,6100,8200,8200,8200,8200,8200,8200,8200,8200
"jina_briddick@briddick.com",9400,9400,9400,9400,9400,9400,9400,9400,9400,9400,9400,9400
"kanisha_waycott@yahoo.com",9700,9700,9700,9700,9700,9700,9700,9700,9700,9700,9700,9700
"emerson.bowley@bowley.org",8700,8700,8700,8700,9600,9600,9600,9600,9600,9600,9600,9600
"bmalet@yahoo.com",8700,8700,9200,9200,9200,9200,9200,9200,9200,9500,9500,9500
"bbolognia@yahoo.com",7700,8200,8500,8500,8500,8500,8500,8500,8500,8500,8500,8500
"lnestle@hotmail.com",8300,8300,8300,8300,8300,8300,8400,8400,8400,8400,8400,8400
"sabra@uyetake.org",9700,9900,9900,9900,9900,9900,9900,9900,9900,9900,9900,9900
"mmastella@mastella.com",7800,7800,7800,7800,7800,7800,7800,7800,7800,7800,7800,7800
"karl_klonowski@yahoo.com",9300,9300,9300,9300,9800,9800,9800,9800,9800,9800,9800,9800
"twenner@aol.com",6900,6900,6900,9900,9900,9900,9900,9900,9900,9900,9900,9900
"amber_monarrez@monarrez.org",7400,9600,9600,9600,9600,9600,9600,9600,9600,9600,9600,9600
"shenika@gmail.com",6000,6000,6000,6000,7800,7800,7800,7800,7800,7800,7800,7800
"delmy.ahle@hotmail.com",7900,7900,7900,7900,7900,7900,7900,7900,7900,7900,7900,8300
"deeanna_juhas@gmail.com",8200,9300,9300,9300,9300,9300,9300,9300,9300,9900,9900,9900
"bpugh@aol.com",8100,8100,8100,8100,8100,8100,8100,8600,8600,8600,8600,8600
"jamal@vanausdal.org",9200,9200,9200,9200,9200,9200,9200,9200,9200,9200,9200,9200
"cecily@hollack.org",8800,8800,8800,8800,8800,8800,8800,8800,9000,9000,9000,9000
"carmelina_lindall@lindall.com",9600,9600,9600,9600,9600,9600,9600,9600,9600,9600,9600,9600
"maurine_yglesias@yglesias.com",8400,8400,9600,9600,9600,9600,9600,9600,9600,9600,9600,9600
"tawna@gmail.com",7300,7300,7300,7300,7300,7300,8000,8000,8000,8000,8000,8700
"penney_weight@aol.com",8900,8900,8900,8900,8900,8900,8900,8900,8900,8900,8900,8900
"elly_morocco@gmail.com",7900,7900,7900,7900,7900,7900,7900,8300,8500,8500,8500,8500
"ilene.eroman@hotmail.com",7400,7400,7400,7400,7400,9400,9400,9400,9400,9400,9400,9400
"vmondella@mondella.com",8500,8500,8500,8500,8500,8500,8500,8500,8500,8800,8800,8800
"kallie.blackwood@gmail.com",8100,8100,9100,9100,9100,9100,9100,9800,9800,9800,9800,9800
"johnetta_abdallah@aol.com",8200,8200,8200,8200,8200,8200,8200,8200,8200,8200,8200,8200
"brhym@rhym.com",6200,6200,6200,6200,6200,9100,9900,9900,9900,9900,9900,9900
"micaela_rhymes@gmail.com",6100,6100,6100,6100,6100,6100,6100,6100,6100,6100,7300,9100
"tamar@hotmail.com",7200,7200,7200,7200,7200,7200,7200,7200,7200,7200,7200,7200
"moon@yahoo.com",7400,7400,8300,8300,8300,8300,8300,8300,8400,8400,8400,8400
"laurel_reitler@reitler.com",6500,6500,6500,6500,6500,6500,7500,7500,7500,7500,7500,7500
"delisa.crupi@crupi.com",7400,7400,8300,8300,8300,8300,8300,8300,8300,8300,8300,8300
"viva.toelkes@gmail.com",9800,9800,9800,9800,9800,9800,9800,9800,9800,9800,9800,9800
"elza@yahoo.com",7000,7000,7000,7000,7000,7000,8800,8800,8800,8800,8800,8800
"devorah@hotmail.com",7100,7100,7100,7100,7100,7500,7500,7500,9300,9300,9300,9300
"timothy_mulqueen@mulqueen.org",6800,6800,6800,6800,6800,6800,8700,8700,9800,9800,9800,9800
"ahoneywell@honeywell.com",8800,8800,8800,8800,8800,8800,8800,8800,9500,9500,9500,9500
"dominque.dickerson@dickerson.org",8200,9300,9500,9500,9500,9500,9500,9500,9500,9500,9500,9500
"lettie_isenhower@yahoo.com",7200,7200,7200,7200,7200,7200,7200,9000,9000,9000,9000,9000
"mmunns@cox.net",9600,9600,9600,9600,9600,9600,9600,9600,9600,9600,9600,9600
"stephaine@barfield.com",8400,8400,8400,8400,8400,8400,8400,8400,8400,8400,8400,8400
"lai.gato@gato.org",6200,6200,6200,6200,6200,6200,7800,7800,7800,7800,7800,7800
"stephen_emigh@hotmail.com",9200,9200,9200,9200,9200,9200,9200,9200,9200,9200,9200,9200
"tshields@gmail.com",8100,8100,9100,9100,9100,9100,9100,9100,9100,9100,9100,9100
"twardrip@cox.net",8600,8600,8600,8600,8600,8600,8600,9800,9800,9800,9800,9800
"cory.gibes@gmail.com",9100,9100,9100,9100,9100,9100,9100,9100,9100,9100,9100,9100
"danica_bruschke@gmail.com",9100,9100,9100,9100,9100,9100,9100,9100,9100,9100,9100,9100
"wilda@cox.net",9000,9000,9000,9800,9800,9800,9800,9800,9800,9800,9800,9800
"elvera.benimadho@cox.net",9800,9800,9800,9800,9800,9800,9800,9800,9800,9800,9800,9800
"carma@cox.net",6000,6000,6000,6000,6000,9200,9200,9200,9200,9200,9200,9200
"malinda.hochard@yahoo.com",8400,8400,8400,8400,8400,8400,8400,8400,8400,8400,8400,8400
"natalie.fern@hotmail.com",9100,9100,9100,9100,9100,9100,9700,9700,9700,9900,9900,9900
"lisha@centini.org",8700,8700,8700,8700,8700,8700,8700,8700,8700,8700,8700,8700
"arlene_klusman@gmail.com",8800,8800,8800,8800,8800,8800,8800,8800,8800,8800,9100,9100
"alease@buemi.com",8200,8200,8200,8200,8200,9200,9200,9200,9200,9200,9200,9300
"louisa@cronauer.com",8600,8600,8600,8600,8600,8600,8600,9300,9300,9300,9300,9300
"angella.cetta@hotmail.com",8600,8600,8600,8600,8600,8600,8600,8600,9400,9400,9400,9400
"cgoldammer@cox.net",8300,8300,8300,8300,8300,8300,8300,8300,8300,8300,8300,8300
"rosio.cork@gmail.com",7800,7800,7800,7800,7800,7800,9400,9400,9400,9400,9400,9400
"ckorando@hotmail.com",6300,6300,9700,9700,9700,9700,9700,9700,9700,9700,9700,9700
"twana.felger@felger.org",9900,9900,9900,9900,9900,9900,9900,9900,9900,9900,9900,9900
"estrella@aol.com",7300,7300,7300,8300,9100,9100,9100,9100,9100,9100,9100,9100
"dkines@hotmail.com",6100,6100,6100,6100,7100,7100,7100,7100,7100,7100,7100,7100
"tiffiny_steffensmeier@cox.net",6200,6200,6200,6200,6200,6200,7300,7300,7300,7300,7600,7600
"emiceli@miceli.org",8900,8900,8900,8900,8900,8900,8900,8900,8900,8900,8900,8900
"sue@aol.com",8300,8300,8500,8500,8500,8500,8500,8500,8500,8500,8500,8500
"jshin@shin.com",6600,6600,9700,9700,9700,9700,9700,9700,9700,9700,9700,9700
"rolland@cox.net",9700,9700,9700,9700,9700,9700,9700,9700,9700,9700,9700,9700
"pamella.schmierer@schmierer.org",8600,9100,9100,9100,9100,9100,9100,9100,9100,9100,9500,9500
"gkulzer@kulzer.org",8500,8500,8500,8500,8700,8700,8700,8700,8700,8700,8700,8700
"shawna_palaspas@palaspas.org",8000,8000,8000,8000,8600,8600,8600,8600,8600,8600,8600,8600
"brandon_callaro@hotmail.com",9500,9500,9500,9500,9500,9500,9500,9500,9500,9500,9500,9600
"scarlet.cartan@yahoo.com",7300,7300,9400,9400,9400,9400,9400,9400,9400,9400,9400,9400
"oretha_menter@yahoo.com",7900,7900,7900,7900,7900,7900,7900,7900,7900,7900,7900,7900
"tsmith@aol.com",8100,8100,8100,8500,8500,8500,8500,9000,9000,9000,9000,9000
"xuan@gmail.com",8100,8100,8100,9000,9800,9800,9800,9800,9800,9800,9800,9800
"lindsey.dilello@hotmail.com",6600,6600,6600,8000,8000,8000,8000,8000,8000,8000,8000,8000
"devora_perez@perez.org",8600,8600,8600,8600,8600,8600,9300,9300,9300,9300,9300,9400
"hdemesa@cox.net",9500,9500,9500,9500,9500,9500,9500,9500,9500,9500,9500,9500
"rpapasergi@cox.net",9600,9600,9600,9600,9600,9600,9600,9600,9600,9600,9600,9600
"talia_riopelle@aol.com",9100,9100,9100,9100,9200,9200,9200,9200,9200,9200,9200,9200
"van.shire@shire.com",8200,8200,8200,8200,8200,8200,8200,8200,8200,8200,8200,8200
"lucina_lary@cox.net",7700,7700,7700,7700,7700,7900,7900,7900,7900,7900,9000,9000
"bok.isaacs@aol.com",6700,7500,7500,9500,9500,9900,9900,9900,9900,9900,9900,9900
"rolande.spickerman@spickerman.com",9300,9300,9300,9300,9300,9300,9300,9300,9300,9300,9300,9300
"hpaulas@gmail.com",9100,9800,9800,9800,9800,9800,9800,9800,9800,9800,9800,9800
"kimbery_madarang@cox.net",6500,6800,6800,6800,6800,6800,6800,6800,6800,6800,9400,9400
"thurman.manno@yahoo.com",8900,8900,8900,9900,9900,9900,9900,9900,9900,9900,9900,9900
"becky.mirafuentes@mirafuentes.com",9500,9500,9500,9500,9500,9500,9500,9500,9500,9700,9700,9700
"beatriz@yahoo.com",8900,8900,8900,8900,8900,8900,8900,8900,8900,8900,8900,8900
"marti.maybury@yahoo.com",8200,9100,9100,9100,9100,9100,9100,9100,9100,9900,9900,9900
"nieves_gotter@gmail.com",6700,8200,8200,8200,8200,8200,8200,8200,8200,8200,8200,8900
"lhagele@cox.net",7500,7500,7500,7500,9500,9500,9500,9500,9500,9500,9500,9500
"vklimek@klimek.org",9100,9700,9700,9700,9700,9700,9700,9700,9700,9700,9700,9700
"melissa@cox.net",8500,8500,9500,9500,9500,9500,9500,9500,9500,9500,9500,9500
"sheridan.zane@zane.com",8900,8900,9000,9000,9000,9000,9000,9000,9000,9000,9200,9200
"bulah_padilla@hotmail.com",6900,6900,6900,6900,6900,6900,6900,6900,6900,6900,6900,6900
"audra@kohnert.com",6500,8800,8800,8800,8800,8800,8800,8800,8800,8800,8800,8800
"dweirather@aol.com",7600,7600,7600,7600,7600,7600,9600,9600,9600,9600,9600,9600
"fjillson@aol.com",9300,9300,9300,9300,9300,9300,9600,9600,9600,9600,9600,9600
"gearldine_gellinger@gellinger.com",7500,7900,8000,8000,8000,8000,8000,8000,8000,8000,8000,8000
"chau@gmail.com",6300,6300,6300,7700,7700,7700,7700,7700,7700,7700,7700,7700
"theola_frey@frey.com",6200,6200,6200,6200,6200,6700,9700,9700,9700,9700,9700,9700
"cheryl@haroldson.org",8700,8700,8700,8700,8700,8700,8700,8700,8700,8700,8700,8700
"lmerced@gmail.com",9400,9400,9400,9400,9400,9500,9500,9500,9500,9500,9500,9500
"carissa.batman@yahoo.com",9200,9200,9200,9200,9200,9200,9200,9200,9200,9200,9700,9700
"lezlie.craghead@craghead.org",7500,7500,7500,7500,7600,7600,7600,7600,7600,7600,7600,9100
"oshealy@hotmail.com",9900,9900,9900,9900,9900,9900,9900,9900,9900,9900,9900,9900
"arminda@parvis.com",6700,6700,6700,6700,6700,6700,7600,7600,7600,7600,7600,7600
"reita.leto@gmail.com",8500,8500,8500,9100,9100,9100,9100,9100,9100,9100,9100,9100
"yolando@cox.net",8300,8300,8300,8300,8300,8400,8400,8400,8400,8400,9300,9300
"lizette.stem@aol.com",6800,6800,6800,6800,6800,6800,6800,6800,7700,7700,8100,8100
"gpawlowicz@yahoo.com",6000,6000,6000,6000,6200,6200,6200,6200,6200,6300,6300,7600
"cdeleo@deleo.com",8500,8500,8500,8500,8500,8500,8500,8500,8500,8500,8500,8500
"chantell@yahoo.com",8000,8000,8000,8000,8000,8000,8000,8900,8900,8900,8900,8900
"dyum@yahoo.com",8900,8900,8900,8900,9900,9900,9900,9900,9900,9900,9900,9900
"larae_gudroe@gmail.com",9300,9300,9300,9300,9300,9300,9300,9300,9300,9300,9300,9300
"latrice.tolfree@hotmail.com",7000,7000,7000,9800,9800,9800,9800,9800,9800,9800,9800,9800
"kerry.theodorov@gmail.com",7800,7800,7800,9600,9600,9600,9600,9600,9600,9600,9600,9600
"dhidvegi@yahoo.com",9100,9100,9100,9100,9100,9100,9100,9100,9100,9100,9100,9100
"fannie.lungren@yahoo.com",8000,8000,8000,8000,8000,8000,8000,8000,8000,8000,9600,9600
"evangelina@aol.com",7600,7600,7600,7600,9200,9200,9200,9200,9200,9200,9900,9900
"novella_degroot@degroot.org",9800,9800,9800,9800,9800,9800,9800,9800,9800,9800,9800,9800
"choa@hoa.org",8600,8800,8800,9200,9200,9200,9200,9200,9200,9200,9200,9200
"jfallick@yahoo.com",9100,9100,9100,9100,9400,9400,9400,9400,9400,9400,9400,9400
"irma.wolfgramm@hotmail.com",9900,9900,9900,9900,9900,9900,9900,9900,9900,9900,9900,9900
"eun@yahoo.com",8700,8700,8700,8700,8700,8700,8700,9300,9300,9300,9300,9300
"sylvia_cousey@cousey.org",7000,7000,7000,7000,7600,8200,8700,8700,8700,9900,9900,9900
"nana@aol.com",9500,9500,9500,9500,9500,9500,9500,9500,9500,9500,9500,9500
"layla.springe@cox.net",7900,7900,7900,7900,7900,7900,7900,7900,7900,7900,7900,9400
"joesph_degonia@degonia.org",7000,7000,7000,7000,7000,7100,7100,7100,7100,7100,7100,7100
"annabelle.boord@cox.net",7200,7200,9600,9600,9600,9600,9600,9600,9600,9600,9800,9800
"stephaine@cox.net",8300,8300,8300,8300,8300,8300,8300,8300,8300,8300,8300,8300
"nelida@gmail.com",9200,9200,9200,9200,9200,9200,9200,9200,9200,9200,9200,9200
"marguerita.hiatt@gmail.com",6100,6100,6100,6100,6100,6100,6100,6100,6100,7100,7100,7100
"ccookey@cookey.org",7200,9400,9400,9400,9400,9400,9400,9400,9400,9400,9600,9600
"jbrideau@aol.com",8500,8500,8500,8500,8500,8500,9300,9300,9300,9300,9300,9300
"claribel_varriano@cox.net",6600,6600,6600,6600,6600,6600,6600,6600,9800,9800,9800,9800
"benton.skursky@aol.com",9200,9200,9200,9200,9200,9200,9200,9200,9200,9200,9200,9200
"hillary.skulski@aol.com",8400,8400,8400,8400,8400,8400,8400,8400,8400,9400,9400,9400
"merilyn_bayless@cox.net",6500,6500,6500,6500,6500,6500,6500,6500,6500,6500,6500,6500
"tennaco@gmail.com",9500,9500,9500,9500,9500,9500,9800,9800,9800,9800,9800,9800
"merlyn_lawler@hotmail.com",7300,7300,7300,7300,7300,7300,7300,7300,7300,7300,8500,8500
"gmontezuma@cox.net",9100,9100,9100,9100,9100,9100,9100,9100,9100,9100,9100,9100
"jmconnell@hotmail.com",6000,9900,9900,9900,9900,9900,9900,9900,9900,9900,9900,9900
"lemuel.latzke@gmail.com",9700,9700,9700,9700,9700,9700,9700,9700,9700,9700,9700,9700
"mknipp@gmail.com",9000,9000,9000,9000,9000,9000,9000,9000,9000,9000,9000,9000
"candida_corbley@hotmail.com",7500,7500,7500,7500,7500,7500,7500,7500,7500,8400,8400,8800
"karan_karpin@gmail.com",8500,8500,8500,8500,8500,8500,8500,8500,8500,8500,8500,8500
"andra@gmail.com",6900,6900,6900,7400,8100,8100,8100,8100,8100,8100,8100,8100
"fpoullion@poullion.com",9400,9400,9400,9400,9400,9400,9400,9400,9400,9400,9400,9400
"belen_strassner@aol.com",9800,9800,9800,9800,9800,9800,9800,9800,9800,9800,9800,9800
"gracia@melnyk.com",8900,8900,8900,8900,8900,8900,8900,8900,8900,8900,8900,8900
"jhanafan@gmail.com",7900,7900,7900,7900,7900,7900,7900,7900,7900,7900,7900,7900
"barrett.toyama@toyama.org",8000,8000,8000,8000,8000,8000,8000,8000,8000,8000,8000,8000
"helga_fredicks@yahoo.com",7500,7500,7500,7500,7500,9500,9500,9500,9500,9500,9500,9500
"apinilla@cox.net",9100,9100,9100,9100,9400,9400,9400,9400,9400,9400,9400,9400
"fausto_agramonte@yahoo.com",9400,9400,9400,9400,9400,9400,9400,9400,9400,9400,9400,9400
"ronny.caiafa@caiafa.org",9800,9800,9800,9800,9800,9800,9800,9800,9800,9800,9800,9800
"marge@gmail.com",7300,7300,7300,7300,8100,8100,8100,8100,8100,8100,8100,8100
"norah.waymire@gmail.com",7500,7500,7500,7500,7500,7500,7500,7500,7500,7500,7500,7500
"aliza@aol.com",6900,6900,6900,6900,6900,6900,6900,6900,6900,6900,6900,6900
"mpelkowski@pelkowski.org",9100,9100,9100,9100,9100,9100,9100,9100,9100,9100,9100,9100
"viola@gmail.com",9600,9600,9600,9600,9600,9600,9600,9600,9600,9900,9900,9900
"femard@emard.com",9900,9900,9900,9900,9900,9900,9900,9900,9900,9900,9900,9900
"willodean_konopacki@konopacki.org",6900,6900,9100,9100,9100,9100,9100,9100,9100,9100,9100,9100
"beckie.silvestrini@silvestrini.com",9500,9500,9500,9500,9600,9600,9600,9600,9600,9600,9600,9600
"rgesick@gesick.org",8600,8600,8600,8600,8600,8600,8600,8600,8600,8600,8600,8600
"frederica_blunk@gmail.com",9800,9800,9800,9800,9800,9800,9800,9800,9800,9800,9800,9800
"glen_bartolet@hotmail.com",8100,8100,8100,8100,8100,8100,8100,8100,8100,8100,8100,8100
"freeman_gochal@aol.com",9600,9600,9600,9600,9600,9600,9600,9600,9600,9600,9600,9600
"vincent.meinerding@hotmail.com",8000,8000,8000,8000,8700,8700,8700,8700,8700,8700,8700,8700
"rima@cox.net",6500,6500,9100,9100,9100,9500,9500,9500,9500,9500,9500,9500
"gsarbacher@gmail.com",8900,8900,8900,8900,8900,8900,8900,8900,8900,8900,8900,8900
"avery@cox.net",8600,8600,8600,8600,8600,8600,8600,8600,8600,8600,8600,8600
"cristy@lother.com",9700,9700,9700,9700,9700,9700,9700,9700,9700,9700,9700,9700
"nicolette_brossart@brossart.com",7700,9800,9800,9800,9800,9800,9800,9800,9800,9800,9800,9800
"tracey@hotmail.com",8000,9900,9900,9900,9900,9900,9900,9900,9900,9900,9900,9900
"virgina_tegarden@tegarden.com",7100,7100,7100,7100,7100,7100,7100,9800,9800,9800,9800,9800
"tfrankel@aol.com",9400,9400,9400,9400,9400,9400,9400,9400,9400,9400,9400,9400
"alaine_bergesen@cox.net",8000,8000,8000,8000,8000,8000,8000,8000,8000,8000,8000,8000
"earleen_mai@cox.net",7400,7400,7900,7900,7900,7900,7900,7900,7900,7900,7900,7900
"leonida@gobern.org",6000,6000,6000,6000,8600,8600,8600,8600,8600,8600,8600,8600
"ressie.auffrey@yahoo.com",9700,9700,9700,9700,9700,9700,9700,9700,9700,9700,9700,9700
"jmugnolo@yahoo.com",6200,6200,6200,8100,8100,8100,8100,8100,9400,9400,9400,9400
"eladia@saulter.com",9000,9000,9000,9000,9000,9000,9000,9000,9600,9600,9600,9600
"chaya@malvin.com",8100,8100,8100,8100,8100,8100,8100,8100,8100,8500,8500,8500
"gwenn_suffield@suffield.org",8100,8100,9100,9100,9100,9100,9100,9100,9100,9100,9100,9100
"skarpel@cox.net",9300,9800,9800,9800,9800,9800,9800,9800,9800,9800,9800,9800
"yoko@fishburne.com",6300,6300,6300,7700,8000,8000,8000,8700,8700,8700,8700,8700
"taryn.moyd@hotmail.com",8600,8600,8600,8600,8600,8600,8600,8600,8600,8600,8600,8600
"katina_polidori@aol.com",6200,6200,8400,8400,8400,8400,8400,8400,8400,8400,8400,8400
"rickie.plumer@aol.com",6700,6700,6700,6700,6700,9600,9600,9600,9600,9600,9600,9600
"alex@loader.com",7100,7100,7100,7100,8300,8300,8300,9300,9300,9300,9300,9900
"lashon@aol.com",8600,8600,8600,8600,8600,8600,8600,8600,8600,8600,8600,8600
"lburnard@burnard.com",6300,7500,7500,7500,7500,7900,8900,8900,8900,8900,8900,8900
"ceola.setter@setter.org",9200,9200,9200,9200,9200,9200,9200,9300,9300,9300,9300,9300
"my@hotmail.com",7500,7500,7500,7500,9400,9400,9400,9400,9400,9400,9400,9400
"lorrine.worlds@worlds.com",9400,9400,9400,9400,9400,9400,9400,9400,9400,9400,9400,9400
"peggie@cox.net",9400,9400,9400,9400,9400,9800,9800,9800,9800,9800,9800,9800
"mraymo@yahoo.com",8100,8100,8100,8100,8100,8200,8200,8200,8200,9900,9900,9900
"daron_dinos@cox.net",7200,8200,8200,8200,8200,8200,8200,9800,9800,9800,9800,9800
"an_fritz@hotmail.com",6200,6200,8900,8900,8900,8900,8900,8900,8900,8900,8900,8900
"portia.stimmel@aol.com",8800,8800,8800,8800,8800,8800,8800,8800,8800,8800,8800,8800
"rhea_aredondo@cox.net",8600,8600,8600,8600,8600,8600,8600,8600,8600,9500,9500,9500
"bsama@cox.net",7900,7900,7900,7900,7900,7900,7900,7900,7900,7900,7900,7900
"alyce@arias.org",9600,9600,9600,9600,9600,9600,9600,9600,9600,9600,9600,9600
"heike@gmail.com",9200,9200,9200,9200,9200,9200,9200,9200,9200,9200,9200,9200
"carey_dopico@dopico.org",8100,8100,8100,8100,8100,8100,8100,8100,8100,8100,8100,8100
"dottie@hellickson.org",6000,6000,6000,6000,6000,6000,6000,6000,8400,8400,9100,9100
"deandrea@yahoo.com",9100,9100,9100,9100,9100,9200,9200,9200,9200,9200,9200,9200
"kimberlie_duenas@yahoo.com",8200,8200,8700,8700,8700,8700,8700,8700,8700,8700,8700,8700
"martina_staback@staback.com",9500,9800,9800,9800,9800,9800,9800,9800,9800,9800,9800,9800
"skye_fillingim@yahoo.com",8900,8900,8900,8900,8900,8900,8900,8900,8900,9300,9300,9300
"jade.farrar@yahoo.com",8300,8300,8300,8300,9900,9900,9900,9900,9900,9900,9900,9900
"charlene.hamilton@hotmail.com",8700,8700,8700,8700,8700,8700,8700,8700,8700,8700,8700,8700
"geoffrey@gmail.com",8100,9900,9900,9900,9900,9900,9900,9900,9900,9900,9900,9900
"stevie.westerbeck@yahoo.com",7600,7600,7600,7600,7600,7600,7600,7600,7600,7600,7600,7600
"pamella@fortino.com",9400,9400,9400,9400,9400,9400,9400,9400,9400,9400,9400,9400
"hhaufler@hotmail.com",6700,6700,6700,6800,6800,6800,7300,7300,7300,7300,7300,8800
"jengelberg@engelberg.org",6500,6500,7600,7600,7600,7600,7700,7700,7700,9400,9400,9400
"buddy.cloney@yahoo.com",9400,9400,9400,9400,9400,9400,9400,9400,9400,9400,9400,9400
"dalene.riden@aol.com",7700,7700,8300,8300,8300,8300,8300,9300,9300,9300,9300,9300
"jzurcher@zurcher.org",7300,7300,8400,8400,8400,8400,8400,8400,8400,8400,8400,8400
"hdenooyer@denooyer.org",7000,7000,7000,7600,7600,7600,7600,7600,7600,7600,7600,9400
"joseph_cryer@cox.net",6000,6000,6000,8600,8600,8600,8600,8600,8600,9700,9900,9900
"deonna_kippley@hotmail.com",9900,9900,9900,9900,9900,9900,9900,9900,9900,9900,9900,9900
"raymon.calvaresi@gmail.com",9100,9100,9100,9100,9100,9100,9100,9100,9100,9100,9100,9100
"alecia@aol.com",9600,9600,9600,9600,9600,9600,9600,9600,9600,9600,9600,9600
"mlayous@hotmail.com",8100,8100,8100,8100,8100,8100,8100,8100,8100,8100,9400,9400
"detra@aol.com",8900,8900,8900,8900,8900,8900,8900,8900,8900,8900,9600,9600
"terrilyn.rodeigues@cox.net",9000,9000,9000,9000,9000,9000,9000,9000,9000,9000,9000,9000
"slacovara@gmail.com",7600,7600,7600,7600,7600,7600,7600,7600,7600,7600,7600,7600
"garry_keetch@hotmail.com",7300,7300,7300,7300,7300,7300,7300,7300,7300,9100,9100,9100
"mneither@yahoo.com",7200,7200,7200,7200,7200,7200,7200,7200,7200,9300,9300,9300
"theodora.restrepo@restrepo.com",9800,9800,9800,9800,9800,9800,9800,9800,9800,9800,9800,9800
"noah.kalafatis@aol.com",7200,7200,7200,9300,9300,9300,9300,9300,9300,9300,9300,9300
"csweigard@sweigard.com",8900,8900,9600,9600,9600,9600,9600,9600,9800,9800,9800,9800
"lavonda@cox.net",6800,6800,6800,6800,6800,6800,6800,6800,6800,6800,7400,7400
"junita@aol.com",9500,9500,9500,9500,9500,9500,9500,9500,9500,9500,9500,9500
"herminia@nicolozakes.org",9300,9300,9300,9300,9300,9300,9300,9800,9800,9800,9800,9800
"casie.good@aol.com",6200,9500,9500,9500,9500,9500,9500,9500,9500,9500,9500,9500
"reena@hotmail.com",9300,9300,9300,9300,9300,9300,9300,9300,9300,9300,9300,9300
"mirta_mallett@gmail.com",8200,8200,9000,9000,9000,9000,9000,9000,9900,9900,9900,9900
"cathrine.pontoriero@pontoriero.com",7100,7100,7400,8900,8900,8900,8900,8900,8900,8900,8900,8900
"ftawil@hotmail.com",7900,7900,7900,7900,8800,8800,8800,9600,9600,9600,9600,9600
"rupthegrove@yahoo.com",8200,8200,9300,9300,9300,9300,9300,9300,9300,9300,9300,9300
"sarah.candlish@gmail.com",9100,9100,9100,9100,9100,9100,9100,9100,9100,9800,9800,9800
"lucy@cox.net",7800,7800,9500,9500,9500,9500,9500,9500,9500,9500,9500,9500
"jaquas@aquas.com",8000,8000,8000,8000,8000,8000,8000,8000,9000,9000,9000,9000
"yvonne.tjepkema@hotmail.com",9800,9800,9800,9800,9800,9800,9800,9800,9800,9800,9800,9800
"kayleigh.lace@yahoo.com",7800,7800,7800,7800,7800,7800,7800,7800,7800,7800,7800,8300
"felix_hirpara@cox.net",9400,9400,9400,9400,9400,9400,9400,9400,9400,9400,9400,9400
"tresa_sweely@hotmail.com",9700,9700,9700,9700,9700,9700,9700,9700,9700,9700,9700,9700
"kristeen@gmail.com",7700,7700,7700,7700,7700,7700,8000,8000,8000,8000,8000,8000
"jregusters@regusters.com",6600,6600,6600,7000,7000,7000,7000,7000,7000,7000,7000,7700
"renea@hotmail.com",7800,7800,7800,7800,9300,9300,9300,9300,9300,9300,9300,9300
"olive@aol.com",9500,9500,9500,9500,9500,9500,9500,9500,9500,9500,9500,9500
"lreiber@cox.net",7500,7500,7500,7500,7500,9400,9400,9400,9400,9400,9400,9400
"christiane.eschberger@yahoo.com",6800,6800,6800,6800,6800,9700,9700,9700,9700,9700,9700,9700
"goldie.schirpke@yahoo.com",8500,9000,9700,9700,9700,9700,9700,9700,9700,9700,9700,9700
"loreta.timenez@hotmail.com",8200,8200,8200,8200,8200,8200,9000,9000,9000,9000,9000,9000
"fabiola.hauenstein@hauenstein.org",7300,7300,7300,8000,8000,8000,8000,8000,8000,8000,8000,8000
"amie.perigo@yahoo.com",8900,8900,8900,8900,8900,8900,8900,9300,9300,9300,9300,9300
"raina.brachle@brachle.org",7700,8100,8100,8100,8100,8100,8100,8100,8100,8900,8900,8900
"erinn.canlas@canlas.com",8300,8300,8300,8300,8300,8300,8300,8300,8300,8300,8300,8300
"cherry@lietz.com",7600,7600,7600,7600,8700,8700,8700,8700,8700,8700,8700,8700
"kattie@vonasek.org",9200,9200,9200,9200,9200,9200,9200,9200,9200,9200,9200,9200
"lilli@aol.com",6500,8000,8000,8000,8000,8000,8000,8000,8000,8000,8000,8000
"whitley.tomasulo@aol.com",8700,8700,8700,8700,8700,8700,9300,9300,9300,9300,9300,9300
"badkin@hotmail.com",9800,9800,9800,9800,9800,9800,9800,9800,9800,9800,9800,9800
"hermila_thyberg@hotmail.com",8600,8600,8600,8600,8600,8600,8600,8600,8600,8600,8600,8600
"jesusita.flister@hotmail.com",7700,7700,9900,9900,9900,9900,9900,9900,9900,9900,9900,9900
"caitlin.julia@julia.org",7200,8700,8700,8700,8700,8700,8700,8700,9600,9600,9600,9600
"roosevelt.hoffis@aol.com",9000,9000,9000,9000,9000,9000,9900,9900,9900,9900,9900,9900
"hhalter@yahoo.com",9900,9900,9900,9900,9900,9900,9900,9900,9900,9900,9900,9900
"lorean.martabano@hotmail.com",6100,6100,6100,9300,9300,9300,9300,9300,9300,9300,9300,9300
"france.buzick@yahoo.com",6800,8900,8900,8900,8900,8900,8900,8900,8900,8900,8900,8900
"jferrario@hotmail.com",8100,8100,8100,8100,8100,8100,8100,8900,8900,8900,8900,8900
"adelina_nabours@gmail.com",7000,7000,7400,7400,7400,7400,7400,7400,7400,7400,7400,7400
"ddhamer@cox.net",8400,8400,8400,8400,8400,8400,8400,8400,8400,8400,8400,8400
"jerry.dallen@yahoo.com",7100,7100,7500,7500,7500,8200,8200,8200,8200,8200,8200,8200
"leota.ragel@gmail.com",9100,9100,9100,9100,9200,9200,9200,9200,9200,9200,9200,9200
"jamyot@hotmail.com",7700,7700,7700,7700,8000,8000,9000,9000,9000,9000,9000,9000
"aja_gehrett@hotmail.com",7200,7600,8100,8100,8100,8100,8100,8100,8100,8100,8100,8100
"kirk.herritt@aol.com",9500,9500,9500,9500,9500,9500,9500,9500,9500,9500,9500,9500
"leonora@yahoo.com",8600,8900,8900,8900,8900,8900,8900,8900,8900,8900,8900,9600
"winfred_brucato@hotmail.com",9900,9900,9900,9900,9900,9900,9900,9900,9900,9900,9900,9900
"tarra.nachor@cox.net",9600,9600,9600,9600,9600,9600,9600,9600,9600,9600,9600,9600
"corinne@loder.org",7800,7800,7800,7800,7800,7800,7800,7800,7800,7800,7800,7800
"dulce_labreche@yahoo.com",7500,7500,7800,8100,8100,8100,8100,9600,9600,9600,9600,9600
"kate_keneipp@yahoo.com",8500,8500,8500,8500,8500,8500,8500,8500,8500,8500,8500,8500
"kaitlyn.ogg@gmail.com",7100,7100,7100,7100,7100,7100,7100,8900,8900,8900,8900,8900
"sherita.saras@cox.net",6100,6100,8000,8000,8000,8000,8000,8000,8000,8000,8000,8000
"lstuer@cox.net",6500,6500,6500,6500,6500,6500,6500,6500,6500,6500,6500,7400
"ernest@cox.net",9400,9400,9400,9400,9400,9400,9400,9400,9400,9400,9400,9400
"nobuko.halsey@yahoo.com",9100,9100,9100,9100,9100,9100,9100,9100,9100,9100,9100,9100
"lavonna.wolny@hotmail.com",7500,7500,7500,7500,7500,7500,7500,7500,7500,8000,8000,8000
"llizama@cox.net",7300,7300,9500,9500,9500,9500,9500,9500,9500,9500,9500,9500
"mariann.bilden@aol.com",8000,8000,8000,8000,8000,8000,8000,8000,9600,9600,9600,9600
"helene@aol.com",6200,6200,6200,6200,6200,6200,6200,8400,8400,8400,8400,8400
"roselle.estell@hotmail.com",9500,9500,9500,9900,9900,9900,9900,9900,9900,9900,9900,9900
"sheintzman@hotmail.com",9900,9900,9900,9900,9900,9900,9900,9900,9900,9900,9900,9900
"margart_meisel@yahoo.com",7600,7600,9300,9300,9300,9300,9300,9300,9300,9300,9900,9900
"kristofer.bennick@yahoo.com",8500,9300,9300,9300,9300,9300,9300,9300,9600,9600,9600,9600
"wacuff@gmail.com",8100,9800,9800,9800,9800,9800,9800,9800,9800,9800,9800,9800
"shalon@cox.net",7500,7500,7500,7900,7900,7900,8800,8800,8800,8800,8800,8800
"denise@patak.org",8800,8800,8800,8800,8800,8800,9700,9700,9700,9700,9700,9700
"louvenia.beech@beech.com",9900,9900,9900,9900,9900,9900,9900,9900,9900,9900,9900,9900
"audry.yaw@yaw.org",9200,9200,9200,9200,9200,9200,9200,9200,9200,9200,9200,9200
"kristel.ehmann@aol.com",7900,7900,7900,7900,8100,9700,9700,9700,9700,9700,9700,9700
"vzepp@gmail.com",7100,7100,7100,7100,7100,7100,8600,8600,8600,8600,8600,8600
"egwalthney@yahoo.com",8400,8400,8400,8400,8400,8400,8400,8400,8900,8900,8900,8900
"venita_maillard@gmail.com",6100,6800,6800,7100,7800,7800,7800,7800,7800,7800,7800,7800
"kasandra_semidey@semidey.com",7900,7900,7900,7900,7900,7900,7900,7900,7900,7900,7900,7900
"xdiscipio@gmail.com",8100,8100,8100,8800,8800,8800,9200,9200,9200,9200,9200,9200
"mlinahan@yahoo.com",9900,9900,9900,9900,9900,9900,9900,9900,9900,9900,9900,9900
"krauser@cox.net",9800,9800,9800,9800,9800,9800,9800,9800,9800,9800,9800,9800
"pdubaldi@hotmail.com",8300,8300,8300,8300,8300,8500,8500,8500,8500,8500,8600,8600
"linn_paa@paa.com",8200,8200,8200,8200,8200,8200,8200,8200,8200,8200,8200,8200
"paris@hotmail.com",7200,7200,7200,7200,7200,7200,7200,7200,7200,8800,8800,8800
"wynell_dorshorst@dorshorst.org",9200,9200,9200,9200,9200,9200,9200,9200,9200,9200,9200,9200
"qbirkner@aol.com",9000,9000,9000,9000,9000,9000,9000,9000,9000,9000,9000,9000
"regenia.kannady@cox.net",8400,8400,8400,8400,8400,8900,8900,8900,9700,9700,9700,9700
"sheron@aol.com",7300,7300,7300,7300,7300,7300,7300,7300,7300,7400,8800,8800
"izetta.funnell@hotmail.com",6900,6900,6900,6900,6900,6900,6900,6900,6900,6900,6900,6900
"rodolfo@hotmail.com",9700,9700,9700,9700,9700,9700,9700,9700,9700,9700,9700,9700
"zona@hotmail.com",6000,6000,6000,6000,6000,6000,6000,6000,6000,6000,6000,6000
"szagen@aol.com",9900,9900,9900,9900,9900,9900,9900,9900,9900,9900,9900,9900
"paz_sahagun@cox.net",9900,9900,9900,9900,9900,9900,9900,9900,9900,9900,9900,9900
"markus@yahoo.com",8700,8700,8700,8700,8700,8700,8800,8800,8800,8800,8800,8800
"jaclyn@aol.com",6800,6800,6800,6800,8800,8800,8800,8800,8800,8800,8800,8800
"cyril_daufeldt@daufeldt.com",9000,9000,9000,9000,9000,9000,9000,9000,9000,9000,9000,9000
"gschnitzler@gmail.com",6800,6800,6800,6800,6800,8400,8800,9100,9100,9100,9100,9200
"erick_nievas@aol.com",7200,8900,8900,8900,8900,8900,8900,8900,8900,8900,8900,8900
"jennie@cox.net",9600,9600,9600,9600,9600,9600,9600,9600,9600,9700,9700,9700
"mscipione@scipione.com",9200,9200,9200,9200,9200,9200,9200,9200,9200,9200,9200,9200
"cventura@yahoo.com",9100,9100,9100,9100,9100,9100,9100,9100,9100,9100,9100,9100
"galen@yahoo.com",9300,9300,9300,9300,9300,9300,9300,9300,9300,9300,9300,9300
"tfeichtner@yahoo.com",9300,9300,9300,9300,9300,9300,9300,9300,9300,9300,9300,9300
"gail@kitty.com",7800,7800,7800,7800,7800,7800,7800,7800,7800,7800,7900,7900
"dalene@schoeneck.org",7900,7900,7900,7900,7900,7900,7900,7900,7900,7900,7900,7900
"gertude.witten@gmail.com",9800,9800,9800,9800,9800,9800,9800,9800,9800,9800,9800,9800
"lizbeth@yahoo.com",7800,7800,8900,8900,8900,8900,8900,8900,8900,8900,8900,8900
"gberray@gmail.com",6700,6700,6700,6700,6700,6700,6700,9800,9800,9800,9800,9800
"lashandra@yahoo.com",9200,9200,9200,9200,9200,9200,9200,9200,9500,9500,9500,9500
"lnewville@newville.com",9100,9100,9100,9100,9100,9100,9100,9100,9100,9100,9100,9100
"laurel@yahoo.com",7500,9900,9900,9900,9900,9900,9900,9900,9900,9900,9900,9900
"mireya.frerking@hotmail.com",9500,9500,9500,9500,9500,9500,9500,9500,9500,9500,9500,9500
"annelle@yahoo.com",8100,8400,8400,8400,8400,8400,8700,8700,8700,8700,8800,8800
"dean_ketelsen@gmail.com",9400,9400,9400,9400,9400,9400,9400,9400,9400,9400,9400,9400
"levi.munis@gmail.com",7600,7600,8500,8500,8500,9100,9100,9100,9100,9100,9500,9500
"sylvie@aol.com",9500,9500,9500,9500,9500,9500,9500,9500,9500,9500,9500,9500
"sharee_maile@aol.com",9800,9800,9800,9800,9800,9800,9800,9800,9800,9800,9800,9800
"cordelia_storment@aol.com",8100,8100,8100,9200,9200,9200,9200,9200,9200,9200,9200,9200
"mollie_mcdoniel@yahoo.com",9800,9800,9800,9800,9800,9800,9800,9800,9800,9800,9800,9800
"brett.mccullan@mccullan.com",7200,7200,8000,8000,8000,8000,8000,8000,8200,8200,8200,8200
"teddy_pedrozo@aol.com",8800,8800,8800,8800,8800,8800,8800,8800,9900,9900,9900,9900
"tasia_andreason@yahoo.com",9000,9000,9000,9000,9000,9400,9400,9400,9400,9400,9400,9400
"hubert@walthall.org",8800,8800,8800,8800,8800,8800,8800,8800,8800,8800,8800,8800
"arthur.farrow@yahoo.com",9300,9300,9600,9600,9600,9600,9600,9600,9600,9600,9600,9600
"vberlanga@berlanga.com",6300,6300,7500,7500,7500,7500,7500,7500,7500,7500,7500,7500
"billye_miro@cox.net",7600,7600,7600,7600,7600,7600,7600,7600,7600,7600,7600,8600
"glenna_slayton@cox.net",6800,6800,6800,9800,9800,9800,9800,9800,9800,9800,9800,9800
"mitzie_hudnall@yahoo.com",6000,9900,9900,9900,9900,9900,9900,9900,9900,9900,9900,9900
"bernardine_rodefer@yahoo.com",9100,9100,9100,9100,9100,9100,9100,9100,9100,9100,9100,9100
"staci_schmaltz@aol.com",8700,8700,8700,8700,9300,9300,9300,9300,9300,9400,9400,9400
"nichelle_meteer@meteer.com",6900,8900,8900,8900,8900,8900,8900,8900,8900,8900,8900,8900
"jrhoden@yahoo.com",8700,8700,8700,9400,9400,9400,9400,9400,9400,9400,9400,9600
"ettie.hoopengardner@hotmail.com",9400,9400,9400,9400,9400,9400,9400,9400,9400,9400,9400,9400
"eden_jayson@yahoo.com",9600,9600,9600,9600,9600,9600,9600,9600,9600,9600,9600,9600
"lynelle_auber@gmail.com",6000,6700,6700,6700,6700,6700,6700,8800,8800,8800,8800,8800
"merissa.tomblin@gmail.com",9700,9700,9700,9700,9700,9700,9700,9700,9700,9700,9700,9700
"golda_kaniecki@yahoo.com",7600,7600,7600,9000,9000,9300,9300,9300,9300,9600,9600,9600
"catarina_gleich@hotmail.com",9100,9100,9100,9100,9100,9100,9100,9100,9100,9100,9100,9200
"vkiel@hotmail.com",9200,9200,9200,9200,9200,9200,9200,9200,9300,9500,9500,9900
"jolene@yahoo.com",7800,7800,7800,7800,7800,7800,7800,7800,7800,9400,9400,9400
"keneth@yahoo.com",9800,9800,9800,9800,9800,9800,9800,9800,9800,9800,9800,9800
"rikki@nayar.com",8000,8000,8000,8000,8000,8000,8000,8000,8000,8000,8600,8600
"elke_sengbusch@yahoo.com",6400,6400,6400,6400,9100,9100,9100,9100,9100,9100,9100,9100
"hoa@sarao.org",8000,8000,8000,8000,8000,8000,8000,8000,8000,8000,8000,8000
"trinidad_mcrae@yahoo.com",6800,6800,7500,9800,9800,9800,9800,9800,9800,9800,9800,9800
"mari_lueckenbach@yahoo.com",9100,9100,9100,9700,9700,9700,9700,9700,9700,9700,9700,9700
"selma.husser@cox.net",7400,7400,7400,7400,7400,7400,7400,7400,7400,7400,7400,7400
"aonofrio@onofrio.com",9700,9700,9700,9700,9700,9700,9700,9700,9700,9700,9700,9700
"ljurney@hotmail.com",9500,9500,9500,9500,9500,9500,9500,9500,9500,9500,9500,9500
"clorinda.heimann@hotmail.com",7100,7100,7100,7100,7600,7600,7600,8700,8800,8800,8800,8800
"dick@yahoo.com",8500,8500,8500,8500,9000,9000,9000,9000,9000,9000,9000,9000
"ahmed.angalich@angalich.com",9300,9300,9300,9300,9300,9300,9300,9300,9300,9300,9300,9300
"iluminada.ohms@yahoo.com",9700,9700,9700,9700,9700,9700,9700,9700,9700,9700,9700,9700
"joanna_leinenbach@hotmail.com",7100,7100,9500,9500,9500,9500,9500,9500,9500,9500,9500,9500
"caprice@aol.com",7600,7600,7600,7600,7600,7600,7600,7600,7600,7600,9900,9900
"stephane_myricks@cox.net",7400,7600,7600,7600,8700,8700,8700,9300,9300,9300,9300,9300
"quentin_swayze@yahoo.com",9700,9700,9700,9700,9700,9700,9700,9700,9700,9700,9700,9700
"annmarie_castros@gmail.com",9900,9900,9900,9900,9900,9900,9900,9900,9900,9900,9900,9900
"shonda_greenbush@cox.net",9400,9400,9400,9400,9400,9400,9400,9400,9400,9500,9500,9500
"clapage@lapage.com",7900,7900,7900,7900,7900,7900,9800,9800,9800,9800,9800,9800
"jeanice.claucherty@yahoo.com",7600,7600,7600,7600,7600,7600,7600,7600,7600,7600,7600,7600
"josphine_villanueva@villanueva.com",6100,7400,7400,7400,7400,7400,7400,7400,7400,7400,7400,7400
"dperruzza@perruzza.com",6700,6700,6700,6700,6700,8500,8500,8500,8500,8500,8500,8500
"cassi.wildfong@aol.com",9600,9600,9600,9600,9600,9600,9600,9600,9600,9600,9600,9600
"britt@galam.org",7800,8100,8100,8100,8100,8100,8100,8100,8100,8100,8100,8100
"adell.lipkin@lipkin.com",6600,6600,6600,6600,9000,9000,9000,9000,9000,9000,9000,9000
"jacqueline.rowling@yahoo.com",7800,7800,7800,7800,7800,9600,9600,9600,9600,9600,9600,9600
"lonny_weglarz@gmail.com",8800,8800,8800,8800,8800,8800,8800,8800,8800,8800,8800,8800
"lonna_diestel@gmail.com",9300,9300,9300,9300,9300,9300,9300,9300,9300,9300,9300,9300
"cristal@cox.net",8100,8700,8700,8700,8700,8700,8700,8700,8700,8700,8700,8700
"kenneth.grenet@grenet.org",6100,6100,9800,9800,9800,9800,9800,9800,9800,9800,9800,9800
"emclaird@mclaird.com",8100,8100,8100,8100,8100,8100,9600,9600,9600,9600,9600,9600
"ajeanty@gmail.com",6400,6400,6400,8900,8900,8900,8900,8900,8900,8900,8900,9900
"sharika.eanes@aol.com",7400,7400,7400,7400,7400,8100,8100,8100,8100,8100,8100,8100
"nu@gmail.com",9800,9800,9800,9800,9800,9800,9800,9800,9800,9800,9800,9800
"dcomnick@cox.net",9600,9600,9600,9600,9600,9600,9600,9600,9600,9600,9600,9600
"cecilia_colaizzo@colaizzo.com",6900,7300,7300,7300,7300,7300,9800,9800,9800,9800,9800,9800
"leslie@cox.net",8000,8000,8000,8900,8900,8900,8900,8900,9000,9000,9000,9000
"nan@koppinger.com",6200,6200,6200,6200,6200,6200,6200,6200,6200,8700,8700,8700
"idewar@dewar.com",7000,7000,9300,9300,9300,9300,9300,9600,9600,9600,9600,9600
"tegan.arceo@arceo.org",8400,8900,8900,8900,9700,9700,9700,9700,9700,9700,9700,9700
"ruthann@hotmail.com",8200,8200,8200,8700,8700,8700,8700,8700,8700,8700,8700,9300
"joni_breland@cox.net",6500,8000,8000,8000,8000,8000,8000,8000,8000,9600,9600,9600
"vrentfro@cox.net",9800,9800,9800,9800,9800,9800,9800,9800,9900,9900,9900,9900
"colette.kardas@yahoo.com",9200,9200,9200,9700,9700,9700,9700,9700,9700,9700,9700,9700
"malcolm_tromblay@cox.net",7600,9300,9300,9300,9300,9300,9300,9300,9300,9300,9300,9300
"ryan@cox.net",6400,7400,7400,7800,7800,9700,9700,9700,9700,9700,9700,9700
"jess.chaffins@chaffins.org",6300,6300,6300,6300,6300,6300,6300,6300,6300,6300,6800,9900
"sbourbon@yahoo.com",7800,7800,7800,7800,7800,7800,7800,7800,7800,7800,7800,7800
"nickolas_juvera@cox.net",8600,8600,8600,8600,8600,8600,8600,8600,8600,8600,8600,8600
"gary_nunlee@nunlee.org",9200,9200,9200,9200,9200,9200,9200,9200,9200,9300,9300,9300
"diane@cox.net",7600,7600,7600,7600,7600,7600,7600,7600,7600,7600,7600,7600
"roslyn.chavous@chavous.org",9200,9500,9500,9500,9500,9500,9500,9500,9500,9500,9500,9500
"glory@yahoo.com",6000,9300,9700,9700,9700,9700,9800,9800,9800,9800,9800,9800
"rasheeda@aol.com",9700,9700,9700,9700,9700,9700,9700,9700,9700,9700,9700,9700
"alpha@yahoo.com",9700,9700,9700,9700,9700,9700,9700,9700,9700,9700,9700,9700
"refugia.jacobos@jacobos.com",7500,7500,7500,7500,7500,7500,7500,7500,7500,7500,9300,9300
"shawnda.yori@yahoo.com",8500,8500,8700,8700,8700,9000,9000,9000,9000,9000,9000,9000
"mdelasancha@hotmail.com",9200,9200,9200,9200,9200,9200,9200,9200,9200,9200,9200,9200
"gilma_liukko@gmail.com",8300,8300,8300,8300,9400,9400,9400,9400,9400,9400,9400,9400
"jgabisi@hotmail.com",6400,6400,9800,9800,9800,9800,9800,9800,9800,9800,9800,9800
"lili.paskin@cox.net",7700,7700,7700,7700,7700,7700,8600,8600,8600,8600,8600,8600
"loren.asar@aol.com",8200,8200,9400,9400,9400,9400,9400,9400,9400,9400,9400,9400
"dorothy@cox.net",7100,7100,7700,7700,7700,7700,7700,7700,9100,9500,9500,9500
"gail_similton@similton.com",8700,8700,8700,8700,8700,8700,8700,8700,8700,8700,8700,8700
"catalina@hotmail.com",6000,6000,6200,6200,6200,9700,9700,9700,9700,9700,9700,9700
"lawrence.lorens@hotmail.com",7600,8200,8200,8200,8200,8400,8400,8400,8400,8400,9000,9000
"carlee.boulter@hotmail.com",7200,7200,7200,7200,7700,7700,7700,7700,7700,7700,7700,7700
"tankeny@ankeny.org",8500,8500,8500,8500,8600,8600,8600,8600,8600,8600,8600,8600
"joles@gmail.com",6400,6400,6400,6400,6400,6400,6400,6400,6700,8300,8300,8300
"alesia_hixenbaugh@hixenbaugh.org",6500,6500,6500,6500,6500,6500,6500,9900,9900,9900,9900,9900
"lai@gmail.com",7400,7400,7400,7400,7400,7400,7400,7400,7600,7600,8800,8800
"bgillaspie@gillaspie.com",8300,8300,8300,8300,8300,8300,8300,8300,8300,8700,8700,8700
"rkampa@kampa.org",8900,8900,8900,8900,8900,8900,9700,9700,9700,9700,9700,9700
"flo.bookamer@cox.net",7500,7500,7500,7500,8300,8400,8400,8400,8400,9800,9800,9800
"jbiddy@yahoo.com",9400,9400,9400,9400,9400,9400,9400,9400,9400,9400,9400,9400
"chauncey_motley@aol.com",9700,9700,9700,9700,9700,9700,9700,9700,9700,9700,9700,9700
