483-17-4238,3551353465549475,Samuel,Ruiz,M,3816 Gutierrez Ways,East Durham,NY,12423,42.386,-74.1117,1097,Dentist,1948-04-27,374522422066,adults_50up_male_rural.json,5c4d6aa129e36ad35883160108a9db09,2022-01-01,00:17:54,1641014274,gas_transport,2.12,0,fraud_Cummerata-Jones,42.016369,-74.181488
157-73-9288,376205336452579,Joel,Howard,M,8129 Meagan Walks Apt. 834,Kirkman,IA,51447,41.7308,-95.2671,228,Camera operator,1969-11-16,84728646799,adults_50up_male_rural.json,ba51982e2534cbea28f1b4b737851003,2022-01-01,00:35:50,1641015350,gas_transport,38.39,0,fraud_Eichmann  Bogan and Rodriguez,42.348120,-94.591244
157-73-9288,376205336452579,Joel,Howard,M,8129 Meagan Walks Apt. 834,Kirkman,IA,51447,41.7308,-95.2671,228,Camera operator,1969-11-16,84728646799,adults_50up_male_rural.json,dab5cb526d67b6d1f140d9f86a7451db,2022-01-01,06:06:53,1641035213,gas_transport,4.27,0,fraud_Corwin-Collins,42.392754,-94.949935
483-17-4238,3551353465549475,Samuel,Ruiz,M,3816 Gutierrez Ways,East Durham,NY,12423,42.386,-74.1117,1097,Dentist,1948-04-27,374522422066,adults_50up_male_rural.json,3cfb1ab4b486501d39200293d346bcd1,2022-01-02,04:01:34,1641114094,gas_transport,4.68,0,fraud_Harber Inc,43.174913,-75.043324
157-73-9288,376205336452579,Joel,Howard,M,8129 Meagan Walks Apt. 834,Kirkman,IA,51447,41.7308,-95.2671,228,Camera operator,1969-11-16,84728646799,adults_50up_male_rural.json,05d50b3d98873d1c23d881929edbd373,2022-01-02,06:45:46,1641123946,gas_transport,12.97,0,fraud_Stroman  Hudson and Erdman,41.458910,-94.808673
157-73-9288,376205336452579,Joel,Howard,M,8129 Meagan Walks Apt. 834,Kirkman,IA,51447,41.7308,-95.2671,228,Camera operator,1969-11-16,84728646799,adults_50up_male_rural.json,8dedf32125e5e3d1037e32493033a081,2022-01-02,07:36:08,1641126968,gas_transport,161.73,0,fraud_Christiansen  Goyette and Schamberger,42.389970,-96.181303
483-17-4238,3551353465549475,Samuel,Ruiz,M,3816 Gutierrez Ways,East Durham,NY,12423,42.386,-74.1117,1097,Dentist,1948-04-27,374522422066,adults_50up_male_rural.json,08872358c57630686be17899f7a46c6e,2022-01-02,11:44:33,1641141873,gas_transport,55.80,0,fraud_Schaefer  McGlynn and Bosco,41.967596,-73.218576
483-17-4238,3551353465549475,Samuel,Ruiz,M,3816 Gutierrez Ways,East Durham,NY,12423,42.386,-74.1117,1097,Dentist,1948-04-27,374522422066,adults_50up_male_rural.json,67fcd187d78367e9ed13b85badcc9cff,2022-01-04,10:46:21,1641311181,gas_transport,1.43,0,fraud_Kling Inc,41.561259,-73.636379
483-17-4238,3551353465549475,Samuel,Ruiz,M,3816 Gutierrez Ways,East Durham,NY,12423,42.386,-74.1117,1097,Dentist,1948-04-27,374522422066,adults_50up_male_rural.json,d024be0b5352571e9fba00a7e25e86d4,2022-01-05,04:09:45,1641373785,gas_transport,52.11,0,fraud_Huels-Nolan,42.118776,-75.077620
483-17-4238,3551353465549475,Samuel,Ruiz,M,3816 Gutierrez Ways,East Durham,NY,12423,42.386,-74.1117,1097,Dentist,1948-04-27,374522422066,adults_50up_male_rural.json,3c1e00c45959091212b6949b2fe6bb94,2022-01-05,06:27:11,1641382031,gas_transport,2.36,0,fraud_Christiansen  Goyette and Schamberger,41.946795,-74.911706
483-17-4238,3551353465549475,Samuel,Ruiz,M,3816 Gutierrez Ways,East Durham,NY,12423,42.386,-74.1117,1097,Dentist,1948-04-27,374522422066,adults_50up_male_rural.json,16a091a5dc8f0ac3951384cf25a4c9c9,2022-01-06,10:06:23,1641481583,gas_transport,116.49,0,fraud_Lind  Huel and McClure,41.671334,-74.990451
157-73-9288,376205336452579,Joel,Howard,M,8129 Meagan Walks Apt. 834,Kirkman,IA,51447,41.7308,-95.2671,228,Camera operator,1969-11-16,84728646799,adults_50up_male_rural.json,eb0a272c8abaac264f341785c7b863a3,2022-01-06,11:15:44,1641485744,gas_transport,54.78,0,fraud_Streich  Hansen and Veum,41.006004,-95.091378
157-73-9288,376205336452579,Joel,Howard,M,8129 Meagan Walks Apt. 834,Kirkman,IA,51447,41.7308,-95.2671,228,Camera operator,1969-11-16,84728646799,adults_50up_male_rural.json,83c018018fbc9dfa3eadbc56f422846d,2022-01-06,11:23:46,1641486226,gas_transport,109.09,0,fraud_Kutch LLC,41.679610,-94.793900
483-17-4238,3551353465549475,Samuel,Ruiz,M,3816 Gutierrez Ways,East Durham,NY,12423,42.386,-74.1117,1097,Dentist,1948-04-27,374522422066,adults_50up_male_rural.json,1826755ca56a47b29474e9b55b4f4783,2022-01-07,02:06:13,1641539173,gas_transport,59.99,0,fraud_Mraz-Herzog,43.268331,-73.522299
157-73-9288,376205336452579,Joel,Howard,M,8129 Meagan Walks Apt. 834,Kirkman,IA,51447,41.7308,-95.2671,228,Camera operator,1969-11-16,84728646799,adults_50up_male_rural.json,9fe3fe9a0faa5c842cdbe332c62b73d3,2022-01-07,07:54:54,1641560094,gas_transport,7.84,0,fraud_Erdman-Kertzmann,41.890950,-95.199403
483-17-4238,3551353465549475,Samuel,Ruiz,M,3816 Gutierrez Ways,East Durham,NY,12423,42.386,-74.1117,1097,Dentist,1948-04-27,374522422066,adults_50up_male_rural.json,f8499d422c5020b53234dad17138d230,2022-01-08,01:32:32,1641623552,gas_transport,675.64,0,fraud_Connelly  Reichert and Fritsch,41.889565,-74.996271
157-73-9288,376205336452579,Joel,Howard,M,8129 Meagan Walks Apt. 834,Kirkman,IA,51447,41.7308,-95.2671,228,Camera operator,1969-11-16,84728646799,adults_50up_male_rural.json,1749c0e0fcec9ae6f85e355e825fec4b,2022-01-08,10:51:39,1641657099,gas_transport,4.00,0,fraud_Lind  Huel and McClure,41.883955,-94.480796
157-73-9288,376205336452579,Joel,Howard,M,8129 Meagan Walks Apt. 834,Kirkman,IA,51447,41.7308,-95.2671,228,Camera operator,1969-11-16,84728646799,adults_50up_male_rural.json,77016453061e5b6eee3782f11432007f,2022-01-09,01:34:01,1641710041,gas_transport,50.29,0,fraud_Tillman  Dickinson and Labadie,41.055658,-96.066165
157-73-9288,376205336452579,Joel,Howard,M,8129 Meagan Walks Apt. 834,Kirkman,IA,51447,41.7308,-95.2671,228,Camera operator,1969-11-16,84728646799,adults_50up_male_rural.json,7dde9c650564d8b61f38cebb2c9ec5c1,2022-01-09,04:14:09,1641719649,gas_transport,52.38,0,fraud_Robel  Cummerata and Prosacco,41.434886,-95.279030
483-17-4238,3551353465549475,Samuel,Ruiz,M,3816 Gutierrez Ways,East Durham,NY,12423,42.386,-74.1117,1097,Dentist,1948-04-27,374522422066,adults_50up_male_rural.json,8e295762ec176c3da125fb2452c95469,2022-01-09,06:25:48,1641727548,gas_transport,82.74,0,fraud_Sporer Inc,43.166582,-73.170489
157-73-9288,376205336452579,Joel,Howard,M,8129 Meagan Walks Apt. 834,Kirkman,IA,51447,41.7308,-95.2671,228,Camera operator,1969-11-16,84728646799,adults_50up_male_rural.json,07b5fb3bb569e416f3275e4c8d608a5a,2022-01-09,08:22:59,1641734579,gas_transport,42.95,0,fraud_Friesen-D'Amore,42.486199,-94.332377
483-17-4238,3551353465549475,Samuel,Ruiz,M,3816 Gutierrez Ways,East Durham,NY,12423,42.386,-74.1117,1097,Dentist,1948-04-27,374522422066,adults_50up_male_rural.json,6049fd71eb9c744117eaa3de8b055e9a,2022-01-09,11:57:16,1641747436,gas_transport,75.01,0,fraud_Reilly  Heaney and Cole,42.801728,-74.967610
157-73-9288,376205336452579,Joel,Howard,M,8129 Meagan Walks Apt. 834,Kirkman,IA,51447,41.7308,-95.2671,228,Camera operator,1969-11-16,84728646799,adults_50up_male_rural.json,19c011003ff7dba3fb6a46cd082f94a5,2022-01-10,10:14:15,1641827655,gas_transport,8.64,0,fraud_Koss and Sons,41.031370,-96.265852
157-73-9288,376205336452579,Joel,Howard,M,8129 Meagan Walks Apt. 834,Kirkman,IA,51447,41.7308,-95.2671,228,Camera operator,1969-11-16,84728646799,adults_50up_male_rural.json,687afe00d644ad789319f832c68f1e30,2022-01-10,10:33:48,1641828828,gas_transport,57.29,0,fraud_Robel  Cummerata and Prosacco,42.363503,-94.934285
157-73-9288,376205336452579,Joel,Howard,M,8129 Meagan Walks Apt. 834,Kirkman,IA,51447,41.7308,-95.2671,228,Camera operator,1969-11-16,84728646799,adults_50up_male_rural.json,772e3abde41e76766f1a8326be643a68,2022-01-11,10:00:16,1641913216,gas_transport,127.92,0,fraud_Schaefer  Maggio and Daugherty,42.141643,-94.406545
157-73-9288,376205336452579,Joel,Howard,M,8129 Meagan Walks Apt. 834,Kirkman,IA,51447,41.7308,-95.2671,228,Camera operator,1969-11-16,84728646799,adults_50up_male_rural.json,0328e20b53f383dcc1a4a5fef31336d4,2022-01-13,08:18:21,1642079901,gas_transport,79.91,0,fraud_Kuvalis Ltd,41.869376,-94.464700
483-17-4238,3551353465549475,Samuel,Ruiz,M,3816 Gutierrez Ways,East Durham,NY,12423,42.386,-74.1117,1097,Dentist,1948-04-27,374522422066,adults_50up_male_rural.json,a7b8834615968a673ab126efd7099b47,2022-01-13,10:38:11,1642088291,gas_transport,145.88,0,fraud_Koss and Sons,41.673100,-73.900188
157-73-9288,376205336452579,Joel,Howard,M,8129 Meagan Walks Apt. 834,Kirkman,IA,51447,41.7308,-95.2671,228,Camera operator,1969-11-16,84728646799,adults_50up_male_rural.json,0075739d87a5dec82101b6715e6b87af,2022-01-13,11:37:35,1642091855,gas_transport,1.79,0,fraud_Schmitt Inc,41.298599,-95.357235
157-73-9288,376205336452579,Joel,Howard,M,8129 Meagan Walks Apt. 834,Kirkman,IA,51447,41.7308,-95.2671,228,Camera operator,1969-11-16,84728646799,adults_50up_male_rural.json,10f5a0acb47b74927eeed72ee29b88b0,2022-01-14,05:48:35,1642157315,gas_transport,3.30,0,fraud_Friesen-D'Amore,41.705878,-94.631206
157-73-9288,376205336452579,Joel,Howard,M,8129 Meagan Walks Apt. 834,Kirkman,IA,51447,41.7308,-95.2671,228,Camera operator,1969-11-16,84728646799,adults_50up_male_rural.json,0f0ae5602bd93c6693891a26bfe0b0a6,2022-01-15,02:03:02,1642230182,grocery_net,122.76,0,fraud_Pfeffer LLC,42.612311,-95.961898
157-73-9288,376205336452579,Joel,Howard,M,8129 Meagan Walks Apt. 834,Kirkman,IA,51447,41.7308,-95.2671,228,Camera operator,1969-11-16,84728646799,adults_50up_male_rural.json,8b9dcd4d7b5def32fadcb9bdf7213ff5,2022-01-15,04:51:40,1642240300,grocery_net,11.37,0,fraud_Murray Ltd,42.222623,-95.917861
157-73-9288,376205336452579,Joel,Howard,M,8129 Meagan Walks Apt. 834,Kirkman,IA,51447,41.7308,-95.2671,228,Camera operator,1969-11-16,84728646799,adults_50up_male_rural.json,3ea904a3dd1751518cf0ab48462d75de,2022-01-15,05:03:55,1642241035,grocery_net,1.59,0,fraud_Adams  Kovacek and Kuhlman,42.020146,-96.228401
483-17-4238,3551353465549475,Samuel,Ruiz,M,3816 Gutierrez Ways,East Durham,NY,12423,42.386,-74.1117,1097,Dentist,1948-04-27,374522422066,adults_50up_male_rural.json,0e5b127695d4da5e38a47d9e7ec04b92,2022-01-15,06:37:09,1642246629,grocery_pos,173.16,0,fraud_Doyle Ltd,43.105808,-74.589310
157-73-9288,376205336452579,Joel,Howard,M,8129 Meagan Walks Apt. 834,Kirkman,IA,51447,41.7308,-95.2671,228,Camera operator,1969-11-16,84728646799,adults_50up_male_rural.json,a8d389a0b53b64771603eb024b4ebf0e,2022-01-15,08:53:30,1642254810,grocery_pos,7.06,0,fraud_Kunze Inc,41.262583,-95.124364
483-17-4238,3551353465549475,Samuel,Ruiz,M,3816 Gutierrez Ways,East Durham,NY,12423,42.386,-74.1117,1097,Dentist,1948-04-27,374522422066,adults_50up_male_rural.json,1274fd4a428e2c7b03075216829e9270,2022-01-16,01:25:23,1642314323,grocery_pos,4.69,0,fraud_Strosin-Cruickshank,41.703762,-74.204025
483-17-4238,3551353465549475,Samuel,Ruiz,M,3816 Gutierrez Ways,East Durham,NY,12423,42.386,-74.1117,1097,Dentist,1948-04-27,374522422066,adults_50up_male_rural.json,d96239dc32ccc4f6180d4165a941f70c,2022-01-16,03:07:05,1642320425,grocery_pos,8.63,0,fraud_Kunze Inc,43.135280,-73.433231
157-73-9288,376205336452579,Joel,Howard,M,8129 Meagan Walks Apt. 834,Kirkman,IA,51447,41.7308,-95.2671,228,Camera operator,1969-11-16,84728646799,adults_50up_male_rural.json,cb37ebe405de1403fcceadc4c7f2fe4a,2022-01-16,05:07:23,1642327643,grocery_pos,1.82,0,fraud_Bogisich Inc,42.305963,-95.958317
157-73-9288,376205336452579,Joel,Howard,M,8129 Meagan Walks Apt. 834,Kirkman,IA,51447,41.7308,-95.2671,228,Camera operator,1969-11-16,84728646799,adults_50up_male_rural.json,528083ac5ea708ff06cebb59ebc1defe,2022-01-17,08:43:50,1642427030,grocery_pos,118.40,0,fraud_Doyle Ltd,40.940923,-95.806734
157-73-9288,376205336452579,Joel,Howard,M,8129 Meagan Walks Apt. 834,Kirkman,IA,51447,41.7308,-95.2671,228,Camera operator,1969-11-16,84728646799,adults_50up_male_rural.json,7571e5ee099ea8d3cdb87a6ac798f3ef,2022-01-18,04:12:47,1642497167,grocery_pos,51.77,0,fraud_Lockman Ltd,40.757138,-95.184512
157-73-9288,376205336452579,Joel,Howard,M,8129 Meagan Walks Apt. 834,Kirkman,IA,51447,41.7308,-95.2671,228,Camera operator,1969-11-16,84728646799,adults_50up_male_rural.json,6b9d7cac13ba952d726e65a186212592,2022-01-18,06:26:53,1642505213,grocery_pos,117.58,0,fraud_Kutch and Sons,41.580112,-94.910743
157-73-9288,376205336452579,Joel,Howard,M,8129 Meagan Walks Apt. 834,Kirkman,IA,51447,41.7308,-95.2671,228,Camera operator,1969-11-16,84728646799,adults_50up_male_rural.json,a1b79d1e9c368faae32ee092172c1ad7,2022-01-19,03:29:58,1642580998,grocery_pos,3.74,0,fraud_Osinski  Ledner and Leuschke,41.419854,-94.950894
483-17-4238,3551353465549475,Samuel,Ruiz,M,3816 Gutierrez Ways,East Durham,NY,12423,42.386,-74.1117,1097,Dentist,1948-04-27,374522422066,adults_50up_male_rural.json,03cb708a6b90e9afb50aaf2c00990136,2022-01-19,03:43:02,1642581782,grocery_pos,120.83,0,fraud_Hackett-Lueilwitz,42.493274,-73.420584
157-73-9288,376205336452579,Joel,Howard,M,8129 Meagan Walks Apt. 834,Kirkman,IA,51447,41.7308,-95.2671,228,Camera operator,1969-11-16,84728646799,adults_50up_male_rural.json,0ef8af3c45b59b01678b5eaabb36e5f5,2022-01-19,05:08:59,1642586939,grocery_pos,1.27,0,fraud_Casper  Hand and Zulauf,42.258718,-95.778297
157-73-9288,376205336452579,Joel,Howard,M,8129 Meagan Walks Apt. 834,Kirkman,IA,51447,41.7308,-95.2671,228,Camera operator,1969-11-16,84728646799,adults_50up_male_rural.json,befd1bc3d20f017ddf85711061154cdc,2022-01-19,08:35:21,1642599321,grocery_pos,103.73,0,fraud_Padberg-Welch,40.863435,-95.352075
157-73-9288,376205336452579,Joel,Howard,M,8129 Meagan Walks Apt. 834,Kirkman,IA,51447,41.7308,-95.2671,228,Camera operator,1969-11-16,84728646799,adults_50up_male_rural.json,b8e5f250063610c1adad7c34dc81d3f5,2022-01-20,11:43:11,1642696991,grocery_pos,131.92,0,fraud_Heller  Gutmann and Zieme,42.413087,-95.604717
157-73-9288,376205336452579,Joel,Howard,M,8129 Meagan Walks Apt. 834,Kirkman,IA,51447,41.7308,-95.2671,228,Camera operator,1969-11-16,84728646799,adults_50up_male_rural.json,1d1210425481f566bd2023de22a124b9,2022-01-21,09:22:26,1642774946,grocery_pos,59.05,0,fraud_Auer-Mosciski,41.156419,-95.283398
483-17-4238,3551353465549475,Samuel,Ruiz,M,3816 Gutierrez Ways,East Durham,NY,12423,42.386,-74.1117,1097,Dentist,1948-04-27,374522422066,adults_50up_male_rural.json,c480b2be580143b1bc5c86e4832cb0b8,2022-01-22,01:02:46,1642831366,grocery_pos,7.70,0,fraud_Hudson-Ratke,43.005135,-74.422864
157-73-9288,376205336452579,Joel,Howard,M,8129 Meagan Walks Apt. 834,Kirkman,IA,51447,41.7308,-95.2671,228,Camera operator,1969-11-16,84728646799,adults_50up_male_rural.json,838072b58cb764f15604cac5dc49a58c,2022-01-23,00:04:03,1642914243,grocery_pos,146.43,0,fraud_Bradtke PLC,40.850318,-95.010795
157-73-9288,376205336452579,Joel,Howard,M,8129 Meagan Walks Apt. 834,Kirkman,IA,51447,41.7308,-95.2671,228,Camera operator,1969-11-16,84728646799,adults_50up_male_rural.json,f9fe1afc3f1d4a7b25d4af3029b1f913,2022-01-23,07:39:14,1642941554,grocery_pos,2.64,0,fraud_Koepp-Witting,40.815534,-94.513279
157-73-9288,376205336452579,Joel,Howard,M,8129 Meagan Walks Apt. 834,Kirkman,IA,51447,41.7308,-95.2671,228,Camera operator,1969-11-16,84728646799,adults_50up_male_rural.json,61c86ce57b4f1b123de0c55f9b6389d6,2022-01-24,09:55:14,1643036114,grocery_pos,65.49,0,fraud_Miller-Hauck,42.558284,-96.256782
157-73-9288,376205336452579,Joel,Howard,M,8129 Meagan Walks Apt. 834,Kirkman,IA,51447,41.7308,-95.2671,228,Camera operator,1969-11-16,84728646799,adults_50up_male_rural.json,0a87c2f48be0021add894c31cdcef166,2022-01-25,03:51:54,1643100714,misc_net,44.13,0,fraud_Welch Inc,42.338096,-94.887935
483-17-4238,3551353465549475,Samuel,Ruiz,M,3816 Gutierrez Ways,East Durham,NY,12423,42.386,-74.1117,1097,Dentist,1948-04-27,374522422066,adults_50up_male_rural.json,7e5e8b3b8937698a43c30aef285e625a,2022-01-25,09:23:26,1643120606,misc_net,2.82,0,fraud_Klocko LLC,42.782703,-74.763647
483-17-4238,3551353465549475,Samuel,Ruiz,M,3816 Gutierrez Ways,East Durham,NY,12423,42.386,-74.1117,1097,Dentist,1948-04-27,374522422066,adults_50up_male_rural.json,142e081c4c433ed50409b6b0f9dbac32,2022-01-26,00:48:09,1643176089,misc_net,3.80,0,fraud_Parisian  Schiller and Altenwerth,41.505770,-73.694953
157-73-9288,376205336452579,Joel,Howard,M,8129 Meagan Walks Apt. 834,Kirkman,IA,51447,41.7308,-95.2671,228,Camera operator,1969-11-16,84728646799,adults_50up_male_rural.json,5c8c773d8b9407f2e7fe5ebcd786f283,2022-01-26,10:18:50,1643210330,misc_net,41.90,0,fraud_Kerluke  Kertzmann and Wiza,41.036416,-94.451811
157-73-9288,376205336452579,Joel,Howard,M,8129 Meagan Walks Apt. 834,Kirkman,IA,51447,41.7308,-95.2671,228,Camera operator,1969-11-16,84728646799,adults_50up_male_rural.json,ff9fbccd46f810cf13a93c6d5b5fafba,2022-01-27,00:30:35,1643261435,misc_net,155.10,0,fraud_Volkman Ltd,41.249752,-94.315274
157-73-9288,376205336452579,Joel,Howard,M,8129 Meagan Walks Apt. 834,Kirkman,IA,51447,41.7308,-95.2671,228,Camera operator,1969-11-16,84728646799,adults_50up_male_rural.json,b0dfa47a08e858c3c0a95a000b49d336,2022-01-27,00:55:57,1643262957,misc_net,3.13,0,fraud_Kris-Weimann,41.866767,-95.417872
157-73-9288,376205336452579,Joel,Howard,M,8129 Meagan Walks Apt. 834,Kirkman,IA,51447,41.7308,-95.2671,228,Camera operator,1969-11-16,84728646799,adults_50up_male_rural.json,ce16eee6af88299651a4775d07a69892,2022-01-27,02:40:02,1643269202,misc_net,67.30,0,fraud_Brown PLC,41.978967,-94.471674
157-73-9288,376205336452579,Joel,Howard,M,8129 Meagan Walks Apt. 834,Kirkman,IA,51447,41.7308,-95.2671,228,Camera operator,1969-11-16,84728646799,adults_50up_male_rural.json,bed2583ed21746ff0d12e14df96bb239,2022-01-27,08:13:38,1643289218,misc_net,2.07,0,fraud_Nader-Heller,42.376317,-94.703042
157-73-9288,376205336452579,Joel,Howard,M,8129 Meagan Walks Apt. 834,Kirkman,IA,51447,41.7308,-95.2671,228,Camera operator,1969-11-16,84728646799,adults_50up_male_rural.json,06a8dc3e6dee8197a801c2350b040134,2022-01-27,09:16:36,1643292996,misc_net,2.72,0,fraud_Koelpin and Sons,40.891992,-95.146080
157-73-9288,376205336452579,Joel,Howard,M,8129 Meagan Walks Apt. 834,Kirkman,IA,51447,41.7308,-95.2671,228,Camera operator,1969-11-16,84728646799,adults_50up_male_rural.json,1e93fb30299692fb759abab635520276,2022-01-28,00:57:03,1643349423,misc_net,6.32,0,fraud_Rohan  White and Aufderhar,41.599969,-94.583188
157-73-9288,376205336452579,Joel,Howard,M,8129 Meagan Walks Apt. 834,Kirkman,IA,51447,41.7308,-95.2671,228,Camera operator,1969-11-16,84728646799,adults_50up_male_rural.json,bcd71c120ac3747a87af17a006a9c32b,2022-01-28,01:00:44,1643349644,misc_net,520.82,0,fraud_Durgan-Auer,40.868911,-95.551919
483-17-4238,3551353465549475,Samuel,Ruiz,M,3816 Gutierrez Ways,East Durham,NY,12423,42.386,-74.1117,1097,Dentist,1948-04-27,374522422066,adults_50up_male_rural.json,2f7c7ddc5e42cb296c55e6734cacc293,2022-01-28,01:43:34,1643352214,misc_net,73.96,0,fraud_Stehr  Jewess and Schimmel,41.675173,-75.016022
483-17-4238,3551353465549475,Samuel,Ruiz,M,3816 Gutierrez Ways,East Durham,NY,12423,42.386,-74.1117,1097,Dentist,1948-04-27,374522422066,adults_50up_male_rural.json,0d43314c2874fe8b4cd6e6f2f917fa1f,2022-01-28,08:17:53,1643375873,misc_net,7.30,0,fraud_Jones  Sawayn and Romaguera,43.023739,-73.682242
483-17-4238,3551353465549475,Samuel,Ruiz,M,3816 Gutierrez Ways,East Durham,NY,12423,42.386,-74.1117,1097,Dentist,1948-04-27,374522422066,adults_50up_male_rural.json,485de60f306b64f6b3c461e2ab78f167,2022-01-28,10:59:26,1643385566,misc_net,1.29,0,fraud_Flatley-Durgan,41.394361,-75.030923
157-73-9288,376205336452579,Joel,Howard,M,8129 Meagan Walks Apt. 834,Kirkman,IA,51447,41.7308,-95.2671,228,Camera operator,1969-11-16,84728646799,adults_50up_male_rural.json,eb857e3bc2deae9465419f2ed1beaf66,2022-01-28,11:59:35,1643389175,misc_net,3.22,0,fraud_Kuphal-Predovic,41.164810,-94.588693
157-73-9288,376205336452579,Joel,Howard,M,8129 Meagan Walks Apt. 834,Kirkman,IA,51447,41.7308,-95.2671,228,Camera operator,1969-11-16,84728646799,adults_50up_male_rural.json,2b29e816b7b8766c82d05995b124af2c,2022-01-29,02:54:08,1643442848,misc_net,5.87,0,fraud_Kerluke Inc,40.972924,-95.633503
157-73-9288,376205336452579,Joel,Howard,M,8129 Meagan Walks Apt. 834,Kirkman,IA,51447,41.7308,-95.2671,228,Camera operator,1969-11-16,84728646799,adults_50up_male_rural.json,0a8698fddb98a0f0f0dba8d455eb16c5,2022-01-29,03:30:16,1643445016,misc_net,70.67,0,fraud_Welch Inc,41.020606,-95.904899
483-17-4238,3551353465549475,Samuel,Ruiz,M,3816 Gutierrez Ways,East Durham,NY,12423,42.386,-74.1117,1097,Dentist,1948-04-27,374522422066,adults_50up_male_rural.json,7f7494db50dcd076896457b6c704afe9,2022-01-29,06:27:45,1643455665,misc_net,28.46,0,fraud_Parisian  Schiller and Altenwerth,42.901108,-73.791924
157-73-9288,376205336452579,Joel,Howard,M,8129 Meagan Walks Apt. 834,Kirkman,IA,51447,41.7308,-95.2671,228,Camera operator,1969-11-16,84728646799,adults_50up_male_rural.json,798878bfd2267e3d1e857d40bf8de15b,2022-01-29,09:25:23,1643466323,misc_net,144.50,0,fraud_Durgan-Auer,41.605081,-95.960947
483-17-4238,3551353465549475,Samuel,Ruiz,M,3816 Gutierrez Ways,East Durham,NY,12423,42.386,-74.1117,1097,Dentist,1948-04-27,374522422066,adults_50up_male_rural.json,a82dd50724d598751ebea40f4ffbc1c3,2022-01-30,02:27:44,1643527664,misc_pos,63.65,0,fraud_Torp-Lemke,41.848996,-73.198518
157-73-9288,376205336452579,Joel,Howard,M,8129 Meagan Walks Apt. 834,Kirkman,IA,51447,41.7308,-95.2671,228,Camera operator,1969-11-16,84728646799,adults_50up_male_rural.json,c1afac18e3b6ba0e993747e7ec037a73,2022-01-30,06:42:51,1643542971,misc_net,225.70,0,fraud_Donnelly PLC,42.059701,-95.388940
483-17-4238,3551353465549475,Samuel,Ruiz,M,3816 Gutierrez Ways,East Durham,NY,12423,42.386,-74.1117,1097,Dentist,1948-04-27,374522422066,adults_50up_male_rural.json,3f8572c4fb52287c8c05864fc2457ae7,2022-01-31,02:09:26,1643612966,misc_pos,9.57,0,fraud_Roberts-Beahan,43.217458,-74.105862
157-73-9288,376205336452579,Joel,Howard,M,8129 Meagan Walks Apt. 834,Kirkman,IA,51447,41.7308,-95.2671,228,Camera operator,1969-11-16,84728646799,adults_50up_male_rural.json,968fb28a32188353da5f7b4775757671,2022-01-31,06:55:59,1643630159,misc_pos,3.60,0,fraud_Wiza LLC,40.958563,-95.910247
483-17-4238,3551353465549475,Samuel,Ruiz,M,3816 Gutierrez Ways,East Durham,NY,12423,42.386,-74.1117,1097,Dentist,1948-04-27,374522422066,adults_50up_male_rural.json,9da2ab1bab29344ac618d67393e59098,2022-01-31,07:02:17,1643630537,misc_pos,122.30,0,fraud_Wisozk and Sons,43.185953,-73.584324
483-17-4238,3551353465549475,Samuel,Ruiz,M,3816 Gutierrez Ways,East Durham,NY,12423,42.386,-74.1117,1097,Dentist,1948-04-27,374522422066,adults_50up_male_rural.json,ad47a19f07f49e05c068a8a1f3502522,2022-02-01,00:22:00,1643692920,misc_pos,29.46,0,fraud_Gutmann-Upton,42.849781,-75.059361
157-73-9288,376205336452579,Joel,Howard,M,8129 Meagan Walks Apt. 834,Kirkman,IA,51447,41.7308,-95.2671,228,Camera operator,1969-11-16,84728646799,adults_50up_male_rural.json,1fb3ca50eb5e8e655f00357967794d2d,2022-02-01,03:45:16,1643705116,misc_pos,3.01,0,fraud_Herman Inc,41.304962,-95.180250
483-17-4238,3551353465549475,Samuel,Ruiz,M,3816 Gutierrez Ways,East Durham,NY,12423,42.386,-74.1117,1097,Dentist,1948-04-27,374522422066,adults_50up_male_rural.json,04d8d01e49815323fed26ec191d503d9,2022-02-02,01:13:24,1643782404,misc_pos,2.86,0,fraud_Monahan  Bogisich and Ledner,41.620482,-74.233321
483-17-4238,3551353465549475,Samuel,Ruiz,M,3816 Gutierrez Ways,East Durham,NY,12423,42.386,-74.1117,1097,Dentist,1948-04-27,374522422066,adults_50up_male_rural.json,ea2dc64f6f6414e1d6507afc3313ef81,2022-02-02,01:52:32,1643784752,misc_pos,79.46,0,fraud_Terry  Johns and Bins,42.732871,-73.444511
483-17-4238,3551353465549475,Samuel,Ruiz,M,3816 Gutierrez Ways,East Durham,NY,12423,42.386,-74.1117,1097,Dentist,1948-04-27,374522422066,adults_50up_male_rural.json,a1344364098c36b7585bb4a0ad503036,2022-02-02,03:53:04,1643791984,misc_pos,34.38,0,fraud_Block Group,41.869724,-74.435727
483-17-4238,3551353465549475,Samuel,Ruiz,M,3816 Gutierrez Ways,East Durham,NY,12423,42.386,-74.1117,1097,Dentist,1948-04-27,374522422066,adults_50up_male_rural.json,91e53028a2b066bfcf36ec1b80bfdcc8,2022-02-02,07:37:41,1643805461,misc_pos,57.66,0,fraud_Balistreri-Nader,41.723835,-74.110138
157-73-9288,376205336452579,Joel,Howard,M,8129 Meagan Walks Apt. 834,Kirkman,IA,51447,41.7308,-95.2671,228,Camera operator,1969-11-16,84728646799,adults_50up_male_rural.json,757d66b293ce81bce2490c62aa2c50e4,2022-02-02,11:48:20,1643820500,misc_pos,2.88,0,fraud_Gislason Group,42.259893,-95.077415
483-17-4238,3551353465549475,Samuel,Ruiz,M,3816 Gutierrez Ways,East Durham,NY,12423,42.386,-74.1117,1097,Dentist,1948-04-27,374522422066,adults_50up_male_rural.json,725f01def607dd201e345091f6f006fb,2022-02-03,03:11:28,1643875888,misc_pos,38.49,0,fraud_Towne LLC,43.166148,-73.417507
157-73-9288,376205336452579,Joel,Howard,M,8129 Meagan Walks Apt. 834,Kirkman,IA,51447,41.7308,-95.2671,228,Camera operator,1969-11-16,84728646799,adults_50up_male_rural.json,0df75d479a1e1b93a5773a058385a4c3,2022-02-04,03:29:22,1643963362,misc_pos,79.85,0,fraud_Wiza  Schaden and Stark,40.768026,-94.787191
483-17-4238,3551353465549475,Samuel,Ruiz,M,3816 Gutierrez Ways,East Durham,NY,12423,42.386,-74.1117,1097,Dentist,1948-04-27,374522422066,adults_50up_male_rural.json,243cf3c28c4db1503d868932ea52ccd7,2022-02-04,10:09:25,1643987365,misc_pos,46.22,0,fraud_Maggio-Fahey,41.922210,-74.500605
157-73-9288,376205336452579,Joel,Howard,M,8129 Meagan Walks Apt. 834,Kirkman,IA,51447,41.7308,-95.2671,228,Camera operator,1969-11-16,84728646799,adults_50up_male_rural.json,559ed1ae83a4572e454f084e0cce2f94,2022-02-04,11:11:16,1643991076,misc_pos,89.24,0,fraud_Bruen-Yost,42.085951,-96.249475
157-73-9288,376205336452579,Joel,Howard,M,8129 Meagan Walks Apt. 834,Kirkman,IA,51447,41.7308,-95.2671,228,Camera operator,1969-11-16,84728646799,adults_50up_male_rural.json,7a8f843ef881d85ea92f39aa001a53f2,2022-02-05,00:53:46,1644040426,shopping_net,7.27,0,fraud_Kassulke PLC,41.910321,-96.017291
157-73-9288,376205336452579,Joel,Howard,M,8129 Meagan Walks Apt. 834,Kirkman,IA,51447,41.7308,-95.2671,228,Camera operator,1969-11-16,84728646799,adults_50up_male_rural.json,e43803c699c6e63588e2d57ef5a76a9e,2022-02-05,05:31:40,1644057100,shopping_net,3.29,0,fraud_Mohr-Bayer,42.208181,-95.321891
157-73-9288,376205336452579,Joel,Howard,M,8129 Meagan Walks Apt. 834,Kirkman,IA,51447,41.7308,-95.2671,228,Camera operator,1969-11-16,84728646799,adults_50up_male_rural.json,e18bcd85856f20b06e5d766461943fc6,2022-02-05,10:01:22,1644073282,shopping_net,3.41,0,fraud_Gerlach Inc,41.466617,-94.581568
157-73-9288,376205336452579,Joel,Howard,M,8129 Meagan Walks Apt. 834,Kirkman,IA,51447,41.7308,-95.2671,228,Camera operator,1969-11-16,84728646799,adults_50up_male_rural.json,acd012a56f72fca740892bf29652fdd6,2022-02-05,10:35:09,1644075309,shopping_net,9.48,0,fraud_Reichert  Huels and Hoppe,42.605956,-94.915634
157-73-9288,376205336452579,Joel,Howard,M,8129 Meagan Walks Apt. 834,Kirkman,IA,51447,41.7308,-95.2671,228,Camera operator,1969-11-16,84728646799,adults_50up_male_rural.json,d3b5d8f331d3f9ac57e486e03347779c,2022-02-06,05:08:07,1644142087,shopping_net,38.32,0,fraud_Greenholt  O'Hara and Balistreri,42.435706,-94.282149
483-17-4238,3551353465549475,Samuel,Ruiz,M,3816 Gutierrez Ways,East Durham,NY,12423,42.386,-74.1117,1097,Dentist,1948-04-27,374522422066,adults_50up_male_rural.json,ffb4b732756085b22c1072b2813368bb,2022-02-06,09:05:56,1644156356,shopping_net,62.29,0,fraud_Labadie  Treutel and Bode,42.986705,-74.415404
157-73-9288,376205336452579,Joel,Howard,M,8129 Meagan Walks Apt. 834,Kirkman,IA,51447,41.7308,-95.2671,228,Camera operator,1969-11-16,84728646799,adults_50up_male_rural.json,6d3a367c265cb02e4dcd20e6d3e7f1a0,2022-02-06,09:42:10,1644158530,shopping_net,49.43,0,fraud_Zboncak  Rowe and Murazik,41.069415,-94.565044
483-17-4238,3551353465549475,Samuel,Ruiz,M,3816 Gutierrez Ways,East Durham,NY,12423,42.386,-74.1117,1097,Dentist,1948-04-27,374522422066,adults_50up_male_rural.json,6d50acde8b45701bdffa5af9ac459a2a,2022-02-06,09:48:19,1644158899,shopping_net,30.14,0,fraud_Mohr-Bayer,42.277222,-73.374073
483-17-4238,3551353465549475,Samuel,Ruiz,M,3816 Gutierrez Ways,East Durham,NY,12423,42.386,-74.1117,1097,Dentist,1948-04-27,374522422066,adults_50up_male_rural.json,82fd28ddf6c0294227939982d5f2befb,2022-02-06,10:03:32,1644159812,shopping_net,103.11,0,fraud_Stamm-Witting,43.224669,-73.202881
157-73-9288,376205336452579,Joel,Howard,M,8129 Meagan Walks Apt. 834,Kirkman,IA,51447,41.7308,-95.2671,228,Camera operator,1969-11-16,84728646799,adults_50up_male_rural.json,f28d83f49a33e80f3f5c64d8dc72781b,2022-02-06,10:19:02,1644160742,shopping_net,34.94,0,fraud_Ankunding LLC,41.544858,-94.349242
483-17-4238,3551353465549475,Samuel,Ruiz,M,3816 Gutierrez Ways,East Durham,NY,12423,42.386,-74.1117,1097,Dentist,1948-04-27,374522422066,adults_50up_male_rural.json,376e66d83062bd5d150b2b779ff83e3a,2022-02-07,02:24:01,1644218641,shopping_net,1.00,0,fraud_Gleason-Macejkovic,42.440140,-74.604958
157-73-9288,376205336452579,Joel,Howard,M,8129 Meagan Walks Apt. 834,Kirkman,IA,51447,41.7308,-95.2671,228,Camera operator,1969-11-16,84728646799,adults_50up_male_rural.json,fd27225bd21e32b8766431947e378891,2022-02-07,05:16:28,1644228988,shopping_net,30.03,0,fraud_Gleason-Macejkovic,41.872502,-94.447781
157-73-9288,376205336452579,Joel,Howard,M,8129 Meagan Walks Apt. 834,Kirkman,IA,51447,41.7308,-95.2671,228,Camera operator,1969-11-16,84728646799,adults_50up_male_rural.json,9804d96543dedf78987baeed18c1460b,2022-02-07,09:10:26,1644243026,shopping_net,9.60,0,fraud_Kerluke-Abshire,42.580921,-95.278973
483-17-4238,3551353465549475,Samuel,Ruiz,M,3816 Gutierrez Ways,East Durham,NY,12423,42.386,-74.1117,1097,Dentist,1948-04-27,374522422066,adults_50up_male_rural.json,2811438d9eb0aa8a6e32dc94255e1d2a,2022-02-08,03:20:39,1644308439,shopping_net,47.21,0,fraud_Volkman-Predovic,43.055622,-73.849155
483-17-4238,3551353465549475,Samuel,Ruiz,M,3816 Gutierrez Ways,East Durham,NY,12423,42.386,-74.1117,1097,Dentist,1948-04-27,374522422066,adults_50up_male_rural.json,3f92b6a45ae9b8ed7ce8169073ab062b,2022-02-08,05:47:40,1644317260,shopping_net,886.35,0,fraud_Price Inc,41.675346,-74.944463
157-73-9288,376205336452579,Joel,Howard,M,8129 Meagan Walks Apt. 834,Kirkman,IA,51447,41.7308,-95.2671,228,Camera operator,1969-11-16,84728646799,adults_50up_male_rural.json,af6a25686eb3efc6281cacd63cd653e8,2022-02-08,08:06:46,1644325606,shopping_net,102.61,0,fraud_Kihn  Abernathy and Douglas,42.524981,-95.396359
157-73-9288,376205336452579,Joel,Howard,M,8129 Meagan Walks Apt. 834,Kirkman,IA,51447,41.7308,-95.2671,228,Camera operator,1969-11-16,84728646799,adults_50up_male_rural.json,5f65d4946f3df4baea36b9e7f1a379d6,2022-02-09,04:57:06,1644400626,shopping_net,38.80,0,fraud_Stanton  Jakubowski and Baumbach,41.918862,-94.931816
157-73-9288,376205336452579,Joel,Howard,M,8129 Meagan Walks Apt. 834,Kirkman,IA,51447,41.7308,-95.2671,228,Camera operator,1969-11-16,84728646799,adults_50up_male_rural.json,543e4da0f06e8f3669b7bb598da2781b,2022-02-10,00:52:35,1644472355,shopping_net,36.79,0,fraud_Hills-Witting,41.078221,-95.060954
157-73-9288,376205336452579,Joel,Howard,M,8129 Meagan Walks Apt. 834,Kirkman,IA,51447,41.7308,-95.2671,228,Camera operator,1969-11-16,84728646799,adults_50up_male_rural.json,1f54d3c280b2bc912c1c467167930acf,2022-02-10,09:08:07,1644502087,shopping_net,20.26,0,fraud_Reichert  Shanahan and Hayes,42.721087,-95.682112
157-73-9288,376205336452579,Joel,Howard,M,8129 Meagan Walks Apt. 834,Kirkman,IA,51447,41.7308,-95.2671,228,Camera operator,1969-11-16,84728646799,adults_50up_male_rural.json,af760b0d2e86d0eb6dc6d98a5ae37c15,2022-02-10,11:20:15,1644510015,shopping_net,1.07,0,fraud_Volkman-Predovic,41.060194,-95.528375
157-73-9288,376205336452579,Joel,Howard,M,8129 Meagan Walks Apt. 834,Kirkman,IA,51447,41.7308,-95.2671,228,Camera operator,1969-11-16,84728646799,adults_50up_male_rural.json,8863792785d9a9d990d197801c0f3352,2022-02-11,05:49:32,1644576572,shopping_net,118.99,0,fraud_Boyer PLC,41.103142,-95.314418
157-73-9288,376205336452579,Joel,Howard,M,8129 Meagan Walks Apt. 834,Kirkman,IA,51447,41.7308,-95.2671,228,Camera operator,1969-11-16,84728646799,adults_50up_male_rural.json,6f181252e7e495689c732b15d1b2d165,2022-02-11,08:15:07,1644585307,shopping_net,1.08,0,fraud_Kihn  Abernathy and Douglas,42.624372,-95.837207
157-73-9288,376205336452579,Joel,Howard,M,8129 Meagan Walks Apt. 834,Kirkman,IA,51447,41.7308,-95.2671,228,Camera operator,1969-11-16,84728646799,adults_50up_male_rural.json,d0fb4d171f78c4af3a943a6c0220a7be,2022-02-11,09:13:33,1644588813,shopping_net,42.00,0,fraud_Kuhic  Bins and Pfeffer,40.988447,-95.776465
157-73-9288,376205336452579,Joel,Howard,M,8129 Meagan Walks Apt. 834,Kirkman,IA,51447,41.7308,-95.2671,228,Camera operator,1969-11-16,84728646799,adults_50up_male_rural.json,2ae971bcced6fd14ee5baf38da806991,2022-02-12,00:15:54,1644642954,shopping_pos,348.84,0,fraud_Pouros-Haag,42.653020,-95.426143
157-73-9288,376205336452579,Joel,Howard,M,8129 Meagan Walks Apt. 834,Kirkman,IA,51447,41.7308,-95.2671,228,Camera operator,1969-11-16,84728646799,adults_50up_male_rural.json,67d29a55f855f73670022bc1f3ef9b57,2022-02-12,03:23:55,1644654235,shopping_pos,1.25,0,fraud_Weimann  Kuhic and Beahan,40.846569,-94.353527
157-73-9288,376205336452579,Joel,Howard,M,8129 Meagan Walks Apt. 834,Kirkman,IA,51447,41.7308,-95.2671,228,Camera operator,1969-11-16,84728646799,adults_50up_male_rural.json,95a2602df578394c0dd36fd3ae7a97e1,2022-02-12,04:51:47,1644659507,shopping_pos,5.24,0,fraud_Swaniawski  Lowe and Robel,41.203134,-95.058266
157-73-9288,376205336452579,Joel,Howard,M,8129 Meagan Walks Apt. 834,Kirkman,IA,51447,41.7308,-95.2671,228,Camera operator,1969-11-16,84728646799,adults_50up_male_rural.json,4f595666863a4d8707d5ef70fee6bed2,2022-02-12,04:55:09,1644659709,shopping_pos,131.66,0,fraud_Bins  Balistreri and Beatty,42.456045,-95.139958
483-17-4238,3551353465549475,Samuel,Ruiz,M,3816 Gutierrez Ways,East Durham,NY,12423,42.386,-74.1117,1097,Dentist,1948-04-27,374522422066,adults_50up_male_rural.json,64f225f002e9f445b6946b2f7c500ed0,2022-02-12,10:34:06,1644680046,shopping_pos,137.28,0,fraud_Lynch Ltd,41.577912,-74.979800
483-17-4238,3551353465549475,Samuel,Ruiz,M,3816 Gutierrez Ways,East Durham,NY,12423,42.386,-74.1117,1097,Dentist,1948-04-27,374522422066,adults_50up_male_rural.json,5445c5e67ee4644a3a72050b3852a476,2022-02-13,00:52:12,1644731532,shopping_pos,6.94,0,fraud_Sawayn PLC,42.005106,-74.221493
157-73-9288,376205336452579,Joel,Howard,M,8129 Meagan Walks Apt. 834,Kirkman,IA,51447,41.7308,-95.2671,228,Camera operator,1969-11-16,84728646799,adults_50up_male_rural.json,312549ed4ccd3fb960c8e2c512496773,2022-02-13,07:37:28,1644755848,shopping_pos,56.23,0,fraud_Pfeffer and Sons,42.617520,-96.213386
157-73-9288,376205336452579,Joel,Howard,M,8129 Meagan Walks Apt. 834,Kirkman,IA,51447,41.7308,-95.2671,228,Camera operator,1969-11-16,84728646799,adults_50up_male_rural.json,a6876c0c78f6a4cbc06c9bb0b947ca41,2022-02-13,11:51:58,1644771118,shopping_pos,147.56,0,fraud_Jewess LLC,41.116954,-95.519691
483-17-4238,3551353465549475,Samuel,Ruiz,M,3816 Gutierrez Ways,East Durham,NY,12423,42.386,-74.1117,1097,Dentist,1948-04-27,374522422066,adults_50up_male_rural.json,f4531c250913d083ad073f518eac20e4,2022-02-14,02:22:26,1644823346,gas_transport,338.98,1,fraud_Zieme  Bode and Dooley,43.378879,-73.924860
157-73-9288,376205336452579,Joel,Howard,M,8129 Meagan Walks Apt. 834,Kirkman,IA,51447,41.7308,-95.2671,228,Camera operator,1969-11-16,84728646799,adults_50up_male_rural.json,eb39bcc1174cdda15f76b9ffa7b1045a,2022-02-14,03:31:10,1644827470,shopping_pos,4.97,0,fraud_Okuneva  Schneider and Rau,41.354284,-94.492533
483-17-4238,3551353465549475,Samuel,Ruiz,M,3816 Gutierrez Ways,East Durham,NY,12423,42.386,-74.1117,1097,Dentist,1948-04-27,374522422066,adults_50up_male_rural.json,6a2aae634c22d0cdc0c2c9b96f1b0fa6,2022-02-14,03:32:03,1644827523,grocery_pos,20.01,1,fraud_Lockman  West and Runte,41.475660,-73.687998
483-17-4238,3551353465549475,Samuel,Ruiz,M,3816 Gutierrez Ways,East Durham,NY,12423,42.386,-74.1117,1097,Dentist,1948-04-27,374522422066,adults_50up_male_rural.json,924ea8ebd338d56202c506102fe3e585,2022-02-14,21:34:02,1644892442,misc_net,865.02,1,fraud_Koelpin and Sons,43.228798,-73.399843
483-17-4238,3551353465549475,Samuel,Ruiz,M,3816 Gutierrez Ways,East Durham,NY,12423,42.386,-74.1117,1097,Dentist,1948-04-27,374522422066,adults_50up_male_rural.json,9bdea4bba362561b45fbd050e6ffd01d,2022-02-14,22:53:36,1644897216,misc_net,780.89,1,fraud_Moore  Dibbert and Koepp,43.133084,-73.568488
157-73-9288,376205336452579,Joel,Howard,M,8129 Meagan Walks Apt. 834,Kirkman,IA,51447,41.7308,-95.2671,228,Camera operator,1969-11-16,84728646799,adults_50up_male_rural.json,d9a6c31619cf3635aba46dd3588fa3c5,2022-02-15,04:42:25,1644918145,shopping_pos,35.77,0,fraud_Botsford Ltd,40.840139,-95.156331
483-17-4238,3551353465549475,Samuel,Ruiz,M,3816 Gutierrez Ways,East Durham,NY,12423,42.386,-74.1117,1097,Dentist,1948-04-27,374522422066,adults_50up_male_rural.json,c956801c864a60092c19cda91e533904,2022-02-15,23:06:10,1644984370,shopping_pos,835.41,1,fraud_Denesik and Sons,43.233551,-74.241207
157-73-9288,376205336452579,Joel,Howard,M,8129 Meagan Walks Apt. 834,Kirkman,IA,51447,41.7308,-95.2671,228,Camera operator,1969-11-16,84728646799,adults_50up_male_rural.json,4034c436dcc067596ec03886f838db79,2022-02-16,00:39:03,1644989943,shopping_pos,6.64,0,fraud_Mayert Group,41.492570,-94.770017
483-17-4238,3551353465549475,Samuel,Ruiz,M,3816 Gutierrez Ways,East Durham,NY,12423,42.386,-74.1117,1097,Dentist,1948-04-27,374522422066,adults_50up_male_rural.json,557291c4095608196cae3faccd069954,2022-02-17,02:55:59,1645084559,shopping_pos,56.36,0,fraud_Mohr Inc,42.805830,-74.840932
157-73-9288,376205336452579,Joel,Howard,M,8129 Meagan Walks Apt. 834,Kirkman,IA,51447,41.7308,-95.2671,228,Camera operator,1969-11-16,84728646799,adults_50up_male_rural.json,e219ce6df640637481cabb999b434623,2022-02-17,07:19:46,1645100386,shopping_pos,5.13,0,fraud_Lesch Ltd,41.472223,-95.890799
157-73-9288,376205336452579,Joel,Howard,M,8129 Meagan Walks Apt. 834,Kirkman,IA,51447,41.7308,-95.2671,228,Camera operator,1969-11-16,84728646799,adults_50up_male_rural.json,c6aeb8927cbaad4dd3b67dd68491c694,2022-02-18,03:29:25,1645172965,shopping_pos,40.47,0,fraud_Bernhard  Grant and Langworth,42.153563,-94.729549
157-73-9288,376205336452579,Joel,Howard,M,8129 Meagan Walks Apt. 834,Kirkman,IA,51447,41.7308,-95.2671,228,Camera operator,1969-11-16,84728646799,adults_50up_male_rural.json,f796dde8cde58b3b5285aec4f141f735,2022-02-18,05:20:32,1645179632,shopping_pos,41.60,0,fraud_Hermann and Sons,42.694304,-95.543163
157-73-9288,376205336452579,Joel,Howard,M,8129 Meagan Walks Apt. 834,Kirkman,IA,51447,41.7308,-95.2671,228,Camera operator,1969-11-16,84728646799,adults_50up_male_rural.json,6c38454ceaeb5863fc48820575682eee,2022-02-18,07:49:49,1645188589,shopping_pos,61.73,0,fraud_Bins  Balistreri and Beatty,40.822505,-95.407460
483-17-4238,3551353465549475,Samuel,Ruiz,M,3816 Gutierrez Ways,East Durham,NY,12423,42.386,-74.1117,1097,Dentist,1948-04-27,374522422066,adults_50up_male_rural.json,d794d35b6ec6de468382118e02199c1c,2022-02-18,10:31:51,1645198311,shopping_pos,9.09,0,fraud_Dooley Inc,42.434032,-73.312088
483-17-4238,3551353465549475,Samuel,Ruiz,M,3816 Gutierrez Ways,East Durham,NY,12423,42.386,-74.1117,1097,Dentist,1948-04-27,374522422066,adults_50up_male_rural.json,7e29f491f178e0739c77ddbd0b1a333f,2022-02-19,00:36:25,1645248985,entertainment,9.39,0,fraud_Schroeder  Hauck and Treutel,41.933265,-74.405581
157-73-9288,376205336452579,Joel,Howard,M,8129 Meagan Walks Apt. 834,Kirkman,IA,51447,41.7308,-95.2671,228,Camera operator,1969-11-16,84728646799,adults_50up_male_rural.json,163a60778dbf3c421d5531dff17d4df8,2022-02-19,01:41:44,1645252904,entertainment,46.92,0,fraud_Howe PLC,41.990954,-95.274589
157-73-9288,376205336452579,Joel,Howard,M,8129 Meagan Walks Apt. 834,Kirkman,IA,51447,41.7308,-95.2671,228,Camera operator,1969-11-16,84728646799,adults_50up_male_rural.json,0b12cc9b6250c74d5903325290e397e8,2022-02-19,17:36:25,1645310185,entertainment,20.20,0,fraud_Klein Group,41.506628,-94.976872
483-17-4238,3551353465549475,Samuel,Ruiz,M,3816 Gutierrez Ways,East Durham,NY,12423,42.386,-74.1117,1097,Dentist,1948-04-27,374522422066,adults_50up_male_rural.json,da1777c55caf7d0fb261a613ac669679,2022-02-19,22:06:10,1645326370,entertainment,74.68,0,fraud_Lind-Buckridge,42.187241,-74.608717
157-73-9288,376205336452579,Joel,Howard,M,8129 Meagan Walks Apt. 834,Kirkman,IA,51447,41.7308,-95.2671,228,Camera operator,1969-11-16,84728646799,adults_50up_male_rural.json,0c06fb9f89dbe9b7968c04b0181b497e,2022-02-20,14:20:20,1645384820,entertainment,21.39,0,fraud_Grimes LLC,42.588412,-94.580050
157-73-9288,376205336452579,Joel,Howard,M,8129 Meagan Walks Apt. 834,Kirkman,IA,51447,41.7308,-95.2671,228,Camera operator,1969-11-16,84728646799,adults_50up_male_rural.json,47ce3a332832dc5a3ccf2a764e5413e4,2022-02-20,14:49:51,1645386591,entertainment,47.24,0,fraud_Hoppe  Harris and Bednar,40.887362,-95.834117
157-73-9288,376205336452579,Joel,Howard,M,8129 Meagan Walks Apt. 834,Kirkman,IA,51447,41.7308,-95.2671,228,Camera operator,1969-11-16,84728646799,adults_50up_male_rural.json,94a6db54e2206b81eec174d000df7c01,2022-02-20,15:30:23,1645389023,entertainment,47.81,0,fraud_Morissette LLC,40.997604,-95.345974
157-73-9288,376205336452579,Joel,Howard,M,8129 Meagan Walks Apt. 834,Kirkman,IA,51447,41.7308,-95.2671,228,Camera operator,1969-11-16,84728646799,adults_50up_male_rural.json,c9055401aed08d1f189fe188cbf6e6f9,2022-02-20,16:55:09,1645394109,entertainment,84.72,0,fraud_Thiel-Thiel,41.363056,-95.181843
157-73-9288,376205336452579,Joel,Howard,M,8129 Meagan Walks Apt. 834,Kirkman,IA,51447,41.7308,-95.2671,228,Camera operator,1969-11-16,84728646799,adults_50up_male_rural.json,e2e991770d0340518a0f1ce05c848040,2022-02-20,21:27:22,1645410442,entertainment,14.45,0,fraud_Schaefer  Fay and Hilll,41.419130,-95.529138
483-17-4238,3551353465549475,Samuel,Ruiz,M,3816 Gutierrez Ways,East Durham,NY,12423,42.386,-74.1117,1097,Dentist,1948-04-27,374522422066,adults_50up_male_rural.json,be496678bf82b72714d6603238f07720,2022-02-20,22:38:40,1645414720,entertainment,18.06,0,fraud_Grimes LLC,42.396436,-74.776633
157-73-9288,376205336452579,Joel,Howard,M,8129 Meagan Walks Apt. 834,Kirkman,IA,51447,41.7308,-95.2671,228,Camera operator,1969-11-16,84728646799,adults_50up_male_rural.json,287db6e12af0116e7a5a33e272194a6b,2022-02-20,22:50:45,1645415445,entertainment,14.00,0,fraud_Thiel-Thiel,41.416456,-96.008308
157-73-9288,376205336452579,Joel,Howard,M,8129 Meagan Walks Apt. 834,Kirkman,IA,51447,41.7308,-95.2671,228,Camera operator,1969-11-16,84728646799,adults_50up_male_rural.json,c8ca2bdf463b84273a7fcd9feb5284eb,2022-02-21,17:15:08,1645481708,entertainment,75.98,0,fraud_Spencer PLC,41.610215,-96.097498
483-17-4238,3551353465549475,Samuel,Ruiz,M,3816 Gutierrez Ways,East Durham,NY,12423,42.386,-74.1117,1097,Dentist,1948-04-27,374522422066,adults_50up_male_rural.json,1b29f4b2f6a0174f345c0400839fdad8,2022-02-23,21:07:23,1645668443,entertainment,47.11,0,fraud_Kilback and Sons,42.668518,-74.403074
157-73-9288,376205336452579,Joel,Howard,M,8129 Meagan Walks Apt. 834,Kirkman,IA,51447,41.7308,-95.2671,228,Camera operator,1969-11-16,84728646799,adults_50up_male_rural.json,0e5d23ed07449ba60f22693699bea7ae,2022-02-24,17:05:19,1645740319,entertainment,56.55,0,fraud_Cormier  Stracke and Thiel,41.531677,-95.563153
483-17-4238,3551353465549475,Samuel,Ruiz,M,3816 Gutierrez Ways,East Durham,NY,12423,42.386,-74.1117,1097,Dentist,1948-04-27,374522422066,adults_50up_male_rural.json,aba5ff612afd394f22ece1f5355d48ab,2022-02-24,18:10:40,1645744240,entertainment,167.71,0,fraud_Lind-Buckridge,42.559168,-73.729590
157-73-9288,376205336452579,Joel,Howard,M,8129 Meagan Walks Apt. 834,Kirkman,IA,51447,41.7308,-95.2671,228,Camera operator,1969-11-16,84728646799,adults_50up_male_rural.json,7eac5f310eb387955597365176a0ed48,2022-02-24,22:24:19,1645759459,entertainment,9.33,0,fraud_Cummerata-Hilpert,42.654049,-95.338771
157-73-9288,376205336452579,Joel,Howard,M,8129 Meagan Walks Apt. 834,Kirkman,IA,51447,41.7308,-95.2671,228,Camera operator,1969-11-16,84728646799,adults_50up_male_rural.json,f02d6d929e976afcb45b20e340e022af,2022-02-25,13:09:16,1645812556,entertainment,21.76,0,fraud_Fadel  Mertz and Rippin,42.392567,-94.605981
157-73-9288,376205336452579,Joel,Howard,M,8129 Meagan Walks Apt. 834,Kirkman,IA,51447,41.7308,-95.2671,228,Camera operator,1969-11-16,84728646799,adults_50up_male_rural.json,867746bd21dc58242deb6a0ca3c2699b,2022-02-25,19:43:27,1645836207,entertainment,18.29,0,fraud_Nicolas  Hills and McGlynn,42.586448,-94.366503
157-73-9288,376205336452579,Joel,Howard,M,8129 Meagan Walks Apt. 834,Kirkman,IA,51447,41.7308,-95.2671,228,Camera operator,1969-11-16,84728646799,adults_50up_male_rural.json,e3e81f259e49b03152ca802ebd7c14d7,2022-02-26,12:24:44,1645896284,food_dining,1.39,0,fraud_Lesch  D'Amore and Brown,41.789265,-94.937058
157-73-9288,376205336452579,Joel,Howard,M,8129 Meagan Walks Apt. 834,Kirkman,IA,51447,41.7308,-95.2671,228,Camera operator,1969-11-16,84728646799,adults_50up_male_rural.json,67df921ea75646d477faad177697ed2a,2022-02-26,19:20:26,1645921226,entertainment,3.53,0,fraud_Fadel  Mertz and Rippin,41.585150,-94.379518
157-73-9288,376205336452579,Joel,Howard,M,8129 Meagan Walks Apt. 834,Kirkman,IA,51447,41.7308,-95.2671,228,Camera operator,1969-11-16,84728646799,adults_50up_male_rural.json,c8140d982dc0779c61add28bfcdfccfa,2022-02-26,23:34:17,1645936457,food_dining,9.67,0,fraud_Feil  Hilpert and Koss,41.701969,-96.053799
483-17-4238,3551353465549475,Samuel,Ruiz,M,3816 Gutierrez Ways,East Durham,NY,12423,42.386,-74.1117,1097,Dentist,1948-04-27,374522422066,adults_50up_male_rural.json,9565680ed9c024614a36f3b923170b99,2022-02-27,12:09:08,1645981748,food_dining,20.70,0,fraud_Schulist Ltd,41.601684,-74.269449
483-17-4238,3551353465549475,Samuel,Ruiz,M,3816 Gutierrez Ways,East Durham,NY,12423,42.386,-74.1117,1097,Dentist,1948-04-27,374522422066,adults_50up_male_rural.json,196d1951994d5b64fd33eb5e38a1ff01,2022-02-27,15:16:19,1645992979,food_dining,29.97,0,fraud_Powlowski-Weimann,42.217331,-74.650218
157-73-9288,376205336452579,Joel,Howard,M,8129 Meagan Walks Apt. 834,Kirkman,IA,51447,41.7308,-95.2671,228,Camera operator,1969-11-16,84728646799,adults_50up_male_rural.json,56305eb0202cc789097dcb87ac16a041,2022-02-27,15:49:12,1645994952,food_dining,64.69,0,fraud_Runte-Mohr,40.824015,-96.081496
157-73-9288,376205336452579,Joel,Howard,M,8129 Meagan Walks Apt. 834,Kirkman,IA,51447,41.7308,-95.2671,228,Camera operator,1969-11-16,84728646799,adults_50up_male_rural.json,59fe367af6992b6112050a56b4c55161,2022-02-27,16:21:58,1645996918,food_dining,22.56,0,fraud_Powlowski-Weimann,41.938077,-94.758852
157-73-9288,376205336452579,Joel,Howard,M,8129 Meagan Walks Apt. 834,Kirkman,IA,51447,41.7308,-95.2671,228,Camera operator,1969-11-16,84728646799,adults_50up_male_rural.json,a5605e48ad46451212999b5575a1ff8e,2022-02-28,16:23:59,1646083439,food_dining,112.05,0,fraud_Schuppe-Schuppe,41.689938,-94.675378
157-73-9288,376205336452579,Joel,Howard,M,8129 Meagan Walks Apt. 834,Kirkman,IA,51447,41.7308,-95.2671,228,Camera operator,1969-11-16,84728646799,adults_50up_male_rural.json,07895dcb3b2a52526eedacbe40416c22,2022-03-01,16:08:21,1646168901,food_dining,16.22,0,fraud_Schneider  Hayes and Nikolaus,41.203101,-95.240550
157-73-9288,376205336452579,Joel,Howard,M,8129 Meagan Walks Apt. 834,Kirkman,IA,51447,41.7308,-95.2671,228,Camera operator,1969-11-16,84728646799,adults_50up_male_rural.json,ddf7fcecd9b12f2e81502cbc7332a69c,2022-03-01,17:33:37,1646174017,food_dining,14.87,0,fraud_Conroy-Emard,41.746446,-96.248978
157-73-9288,376205336452579,Joel,Howard,M,8129 Meagan Walks Apt. 834,Kirkman,IA,51447,41.7308,-95.2671,228,Camera operator,1969-11-16,84728646799,adults_50up_male_rural.json,8be11a29d3c31bc182b207085f627a92,2022-03-01,21:09:22,1646186962,food_dining,26.91,0,fraud_Connelly PLC,41.287441,-94.512347
483-17-4238,3551353465549475,Samuel,Ruiz,M,3816 Gutierrez Ways,East Durham,NY,12423,42.386,-74.1117,1097,Dentist,1948-04-27,374522422066,adults_50up_male_rural.json,8b83bc59ce4d44cfb5376fb444f3f3f6,2022-03-01,22:49:47,1646192987,food_dining,6.40,0,fraud_Armstrong  Walter and Gottlieb,42.411136,-73.481776
157-73-9288,376205336452579,Joel,Howard,M,8129 Meagan Walks Apt. 834,Kirkman,IA,51447,41.7308,-95.2671,228,Camera operator,1969-11-16,84728646799,adults_50up_male_rural.json,414572c4c1302a68a4adbc769a0797c2,2022-03-02,00:22:58,1646198578,grocery_pos,351.30,1,fraud_Wolf Inc,41.484938,-94.390643
157-73-9288,376205336452579,Joel,Howard,M,8129 Meagan Walks Apt. 834,Kirkman,IA,51447,41.7308,-95.2671,228,Camera operator,1969-11-16,84728646799,adults_50up_male_rural.json,656ce1258ccb27b211b25a867a0e97c5,2022-03-02,01:23:17,1646202197,gas_transport,22.62,1,fraud_Berge LLC,42.600619,-94.828099
157-73-9288,376205336452579,Joel,Howard,M,8129 Meagan Walks Apt. 834,Kirkman,IA,51447,41.7308,-95.2671,228,Camera operator,1969-11-16,84728646799,adults_50up_male_rural.json,fa62e27b9d4ad88de4a26d7182c888e0,2022-03-02,03:47:23,1646210843,grocery_pos,324.44,1,fraud_Doyle Ltd,41.433757,-95.238545
483-17-4238,3551353465549475,Samuel,Ruiz,M,3816 Gutierrez Ways,East Durham,NY,12423,42.386,-74.1117,1097,Dentist,1948-04-27,374522422066,adults_50up_male_rural.json,88d82858a5f9ab045aa9363fe173afa1,2022-03-02,15:43:42,1646253822,food_dining,94.13,0,fraud_Armstrong  Walter and Gottlieb,42.413615,-73.710858
157-73-9288,376205336452579,Joel,Howard,M,8129 Meagan Walks Apt. 834,Kirkman,IA,51447,41.7308,-95.2671,228,Camera operator,1969-11-16,84728646799,adults_50up_male_rural.json,1a88bae825b543559a3c14a020c17a47,2022-03-02,16:18:27,1646255907,misc_net,112.54,1,fraud_Nader-Heller,41.732834,-94.900925
157-73-9288,376205336452579,Joel,Howard,M,8129 Meagan Walks Apt. 834,Kirkman,IA,51447,41.7308,-95.2671,228,Camera operator,1969-11-16,84728646799,adults_50up_male_rural.json,517130474eac904bf72f80381ee332cd,2022-03-03,22:09:15,1646363355,food_dining,819.00,1,fraud_Stiedemann Ltd,41.903663,-95.936859
157-73-9288,376205336452579,Joel,Howard,M,8129 Meagan Walks Apt. 834,Kirkman,IA,51447,41.7308,-95.2671,228,Camera operator,1969-11-16,84728646799,adults_50up_male_rural.json,9da0732f4c3ab255241d395e7483ff18,2022-03-03,22:17:33,1646363853,shopping_net,561.34,1,fraud_Schumm PLC,41.706331,-95.495687
157-73-9288,376205336452579,Joel,Howard,M,8129 Meagan Walks Apt. 834,Kirkman,IA,51447,41.7308,-95.2671,228,Camera operator,1969-11-16,84728646799,adults_50up_male_rural.json,668dd639c200a7206db562f8335a5a32,2022-03-03,22:27:20,1646364440,shopping_net,957.25,1,fraud_Mosciski  Ziemann and Farrell,42.478933,-94.353779
157-73-9288,376205336452579,Joel,Howard,M,8129 Meagan Walks Apt. 834,Kirkman,IA,51447,41.7308,-95.2671,228,Camera operator,1969-11-16,84728646799,adults_50up_male_rural.json,b57abef0ac8f305cd637d00fc805b1ff,2022-03-03,22:31:14,1646364674,entertainment,1025.39,1,fraud_Dare-Marvin,41.736093,-96.096799
157-73-9288,376205336452579,Joel,Howard,M,8129 Meagan Walks Apt. 834,Kirkman,IA,51447,41.7308,-95.2671,228,Camera operator,1969-11-16,84728646799,adults_50up_male_rural.json,743588cd547205e48920fb81f7c5b1b7,2022-03-03,22:34:20,1646364860,shopping_net,921.05,1,fraud_Boyer-Reichert,42.380213,-95.749495
157-73-9288,376205336452579,Joel,Howard,M,8129 Meagan Walks Apt. 834,Kirkman,IA,51447,41.7308,-95.2671,228,Camera operator,1969-11-16,84728646799,adults_50up_male_rural.json,0b99c19aead7d0f11fd5f1e92719013f,2022-03-03,23:00:01,1646366401,shopping_pos,620.83,1,fraud_Jacobi and Sons,42.608853,-94.391053
157-73-9288,376205336452579,Joel,Howard,M,8129 Meagan Walks Apt. 834,Kirkman,IA,51447,41.7308,-95.2671,228,Camera operator,1969-11-16,84728646799,adults_50up_male_rural.json,b167f7fdef253062e5d6f5d8079666e3,2022-03-03,23:00:51,1646366451,entertainment,763.08,1,fraud_Grimes LLC,41.143081,-94.700386
157-73-9288,376205336452579,Joel,Howard,M,8129 Meagan Walks Apt. 834,Kirkman,IA,51447,41.7308,-95.2671,228,Camera operator,1969-11-16,84728646799,adults_50up_male_rural.json,c650696df85ae1a7e3484a99c70a82f1,2022-03-04,23:35:03,1646454903,health_fitness,17.63,0,fraud_Friesen Ltd,41.614670,-95.422161
157-73-9288,376205336452579,Joel,Howard,M,8129 Meagan Walks Apt. 834,Kirkman,IA,51447,41.7308,-95.2671,228,Camera operator,1969-11-16,84728646799,adults_50up_male_rural.json,0a641944ce59dccd60088e7c7bd674f5,2022-03-05,17:56:52,1646521012,health_fitness,146.35,0,fraud_Brown  Homenick and Lesch,42.689981,-94.662829
483-17-4238,3551353465549475,Samuel,Ruiz,M,3816 Gutierrez Ways,East Durham,NY,12423,42.386,-74.1117,1097,Dentist,1948-04-27,374522422066,adults_50up_male_rural.json,bb94d21ea0b4887f4bc5bb18b6634898,2022-03-05,22:03:21,1646535801,health_fitness,22.41,0,fraud_Hermiston  Pacocha and Smith,41.931505,-73.619382
483-17-4238,3551353465549475,Samuel,Ruiz,M,3816 Gutierrez Ways,East Durham,NY,12423,42.386,-74.1117,1097,Dentist,1948-04-27,374522422066,adults_50up_male_rural.json,a1c04225caa0681b205bcebc9a83e257,2022-03-05,23:51:32,1646542292,health_fitness,93.27,0,fraud_Ratke and Sons,42.949921,-73.350341
483-17-4238,3551353465549475,Samuel,Ruiz,M,3816 Gutierrez Ways,East Durham,NY,12423,42.386,-74.1117,1097,Dentist,1948-04-27,374522422066,adults_50up_male_rural.json,7099a5e0d4aace18a2eeba0042b04e3e,2022-03-06,12:09:11,1646586551,health_fitness,3.16,0,fraud_Thompson-Gleason,42.247620,-74.946221
157-73-9288,376205336452579,Joel,Howard,M,8129 Meagan Walks Apt. 834,Kirkman,IA,51447,41.7308,-95.2671,228,Camera operator,1969-11-16,84728646799,adults_50up_male_rural.json,76d39efbde78614dff24e9983ca112cd,2022-03-06,12:51:04,1646589064,health_fitness,19.67,0,fraud_Ledner  Hartmann and Feest,41.522732,-96.198017
157-73-9288,376205336452579,Joel,Howard,M,8129 Meagan Walks Apt. 834,Kirkman,IA,51447,41.7308,-95.2671,228,Camera operator,1969-11-16,84728646799,adults_50up_male_rural.json,4347dfa3a5592602afc45a235d108862,2022-03-06,14:28:12,1646594892,health_fitness,18.29,0,fraud_Thompson-Gleason,42.561258,-95.947684
157-73-9288,376205336452579,Joel,Howard,M,8129 Meagan Walks Apt. 834,Kirkman,IA,51447,41.7308,-95.2671,228,Camera operator,1969-11-16,84728646799,adults_50up_male_rural.json,e7ea8e2cea25a2372afcd5c8934a6b79,2022-03-06,15:48:12,1646599692,health_fitness,10.87,0,fraud_Fadel-Hilpert,41.496086,-94.990552
157-73-9288,376205336452579,Joel,Howard,M,8129 Meagan Walks Apt. 834,Kirkman,IA,51447,41.7308,-95.2671,228,Camera operator,1969-11-16,84728646799,adults_50up_male_rural.json,a260ba61fd344e68a861a6cf1d7a0ec4,2022-03-06,20:39:08,1646617148,health_fitness,126.74,0,fraud_Torphy-Kertzmann,41.042407,-94.725500
157-73-9288,376205336452579,Joel,Howard,M,8129 Meagan Walks Apt. 834,Kirkman,IA,51447,41.7308,-95.2671,228,Camera operator,1969-11-16,84728646799,adults_50up_male_rural.json,ee7760cfc8a4474fce7af7c3c49996e6,2022-03-06,22:44:40,1646624680,health_fitness,43.51,0,fraud_Hintz  Bauch and Smith,41.921645,-96.181505
157-73-9288,376205336452579,Joel,Howard,M,8129 Meagan Walks Apt. 834,Kirkman,IA,51447,41.7308,-95.2671,228,Camera operator,1969-11-16,84728646799,adults_50up_male_rural.json,45e22259321c0f52377f1b1ce7b10d0d,2022-03-07,17:46:20,1646693180,health_fitness,22.10,0,fraud_Roob-Okuneva,42.371945,-96.259056
157-73-9288,376205336452579,Joel,Howard,M,8129 Meagan Walks Apt. 834,Kirkman,IA,51447,41.7308,-95.2671,228,Camera operator,1969-11-16,84728646799,adults_50up_male_rural.json,b5a077b374c83dd37efe66f120f95991,2022-03-07,18:41:42,1646696502,health_fitness,45.14,0,fraud_Bahringer Group,41.451641,-96.203419
157-73-9288,376205336452579,Joel,Howard,M,8129 Meagan Walks Apt. 834,Kirkman,IA,51447,41.7308,-95.2671,228,Camera operator,1969-11-16,84728646799,adults_50up_male_rural.json,548a7c47f0147de9dca64c5dc0a99eb0,2022-03-08,12:58:26,1646762306,health_fitness,75.82,0,fraud_Waters-Cruickshank,42.364993,-94.481197
157-73-9288,376205336452579,Joel,Howard,M,8129 Meagan Walks Apt. 834,Kirkman,IA,51447,41.7308,-95.2671,228,Camera operator,1969-11-16,84728646799,adults_50up_male_rural.json,5c093dbcdf5464443583aca080d8ebc0,2022-03-08,17:03:46,1646777026,health_fitness,39.17,0,fraud_Carroll PLC,42.211263,-95.929520
483-17-4238,3551353465549475,Samuel,Ruiz,M,3816 Gutierrez Ways,East Durham,NY,12423,42.386,-74.1117,1097,Dentist,1948-04-27,374522422066,adults_50up_male_rural.json,756439b58eeca9342c867ffc6839b854,2022-03-08,20:58:51,1646791131,health_fitness,85.98,0,fraud_Torphy-Kertzmann,42.986844,-73.462977
157-73-9288,376205336452579,Joel,Howard,M,8129 Meagan Walks Apt. 834,Kirkman,IA,51447,41.7308,-95.2671,228,Camera operator,1969-11-16,84728646799,adults_50up_male_rural.json,3837284442bf8861b0bcfed9e15ef681,2022-03-08,23:45:17,1646801117,health_fitness,105.63,0,fraud_Torphy-Kertzmann,42.166469,-95.244305
157-73-9288,376205336452579,Joel,Howard,M,8129 Meagan Walks Apt. 834,Kirkman,IA,51447,41.7308,-95.2671,228,Camera operator,1969-11-16,84728646799,adults_50up_male_rural.json,9b1b87ceb9869cfd6cc9d45b369f1437,2022-03-09,12:39:34,1646847574,home,16.34,0,fraud_Connelly-Carter,42.532748,-95.288877
483-17-4238,3551353465549475,Samuel,Ruiz,M,3816 Gutierrez Ways,East Durham,NY,12423,42.386,-74.1117,1097,Dentist,1948-04-27,374522422066,adults_50up_male_rural.json,6039a82c8c02e44fa2958f5e5eaa2c9c,2022-03-09,13:40:33,1646851233,home,75.42,0,fraud_White and Sons,42.486042,-73.992058
157-73-9288,376205336452579,Joel,Howard,M,8129 Meagan Walks Apt. 834,Kirkman,IA,51447,41.7308,-95.2671,228,Camera operator,1969-11-16,84728646799,adults_50up_male_rural.json,2cd0e3c74c043aa69da16c099ffb1238,2022-03-09,16:14:08,1646860448,home,42.09,0,fraud_Reilly LLC,41.474888,-95.308933
157-73-9288,376205336452579,Joel,Howard,M,8129 Meagan Walks Apt. 834,Kirkman,IA,51447,41.7308,-95.2671,228,Camera operator,1969-11-16,84728646799,adults_50up_male_rural.json,2df59a2501c09c5088877d3e7f778aea,2022-03-09,17:05:01,1646863501,home,101.81,0,fraud_Prosacco  Kreiger and Kovacek,41.686429,-95.656471
483-17-4238,3551353465549475,Samuel,Ruiz,M,3816 Gutierrez Ways,East Durham,NY,12423,42.386,-74.1117,1097,Dentist,1948-04-27,374522422066,adults_50up_male_rural.json,09231c12e67c5a8a7360972ff49c50ff,2022-03-09,23:41:40,1646887300,health_fitness,4.16,0,fraud_Brown  Homenick and Lesch,42.905911,-74.699754
483-17-4238,3551353465549475,Samuel,Ruiz,M,3816 Gutierrez Ways,East Durham,NY,12423,42.386,-74.1117,1097,Dentist,1948-04-27,374522422066,adults_50up_male_rural.json,ddba859053f060b85f73ef45a15b71d5,2022-03-10,14:07:36,1646939256,home,25.04,0,fraud_Lynch-Wisozk,43.381190,-73.317086
157-73-9288,376205336452579,Joel,Howard,M,8129 Meagan Walks Apt. 834,Kirkman,IA,51447,41.7308,-95.2671,228,Camera operator,1969-11-16,84728646799,adults_50up_male_rural.json,d7f703a095088644069a82d8605bdaaa,2022-03-10,16:36:20,1646948180,home,146.43,0,fraud_Ernser-Feest,42.162005,-94.827106
157-73-9288,376205336452579,Joel,Howard,M,8129 Meagan Walks Apt. 834,Kirkman,IA,51447,41.7308,-95.2671,228,Camera operator,1969-11-16,84728646799,adults_50up_male_rural.json,ef5c23d2d96bf0ba1fddd34ab369bfaa,2022-03-10,17:50:56,1646952656,home,97.05,0,fraud_Witting  Beer and Ernser,42.292842,-95.590203
483-17-4238,3551353465549475,Samuel,Ruiz,M,3816 Gutierrez Ways,East Durham,NY,12423,42.386,-74.1117,1097,Dentist,1948-04-27,374522422066,adults_50up_male_rural.json,ca1a82abf399683b9ef775657a38f5d3,2022-03-10,21:03:13,1646964193,home,66.96,0,fraud_Connelly-Carter,43.292614,-73.793676
157-73-9288,376205336452579,Joel,Howard,M,8129 Meagan Walks Apt. 834,Kirkman,IA,51447,41.7308,-95.2671,228,Camera operator,1969-11-16,84728646799,adults_50up_male_rural.json,ca0f0ded39343d24f94ea16131d55fdd,2022-03-10,22:35:13,1646969713,home,25.56,0,fraud_Moore  Williamson and Emmerich,41.988606,-94.684212
483-17-4238,3551353465549475,Samuel,Ruiz,M,3816 Gutierrez Ways,East Durham,NY,12423,42.386,-74.1117,1097,Dentist,1948-04-27,374522422066,adults_50up_male_rural.json,6fd193c2b4f1ffe4322822a98bccad9a,2022-03-11,17:47:31,1647038851,home,46.19,0,fraud_White and Sons,42.163779,-74.656044
157-73-9288,376205336452579,Joel,Howard,M,8129 Meagan Walks Apt. 834,Kirkman,IA,51447,41.7308,-95.2671,228,Camera operator,1969-11-16,84728646799,adults_50up_male_rural.json,e963577d5d2d2d65f8c22d7c6b15d039,2022-03-11,19:49:32,1647046172,home,32.81,0,fraud_Kutch-Wilderman,41.170067,-96.116655
157-73-9288,376205336452579,Joel,Howard,M,8129 Meagan Walks Apt. 834,Kirkman,IA,51447,41.7308,-95.2671,228,Camera operator,1969-11-16,84728646799,adults_50up_male_rural.json,d4b8c01c541f182daa3cf59093048d37,2022-03-11,21:40:58,1647052858,home,34.95,0,fraud_Hettinger  McCullough and Fay,41.699194,-94.283203
483-17-4238,3551353465549475,Samuel,Ruiz,M,3816 Gutierrez Ways,East Durham,NY,12423,42.386,-74.1117,1097,Dentist,1948-04-27,374522422066,adults_50up_male_rural.json,cc37310a68dbc9f5a0a5abd23f84ea3c,2022-03-12,18:19:22,1647127162,home,6.34,0,fraud_Koss  Hansen and Lueilwitz,42.106373,-75.098670
157-73-9288,376205336452579,Joel,Howard,M,8129 Meagan Walks Apt. 834,Kirkman,IA,51447,41.7308,-95.2671,228,Camera operator,1969-11-16,84728646799,adults_50up_male_rural.json,f3a0e3c083b1d9f153331b143f170703,2022-03-12,19:05:22,1647129922,home,37.04,0,fraud_Gaylord-Powlowski,42.423017,-96.222587
483-17-4238,3551353465549475,Samuel,Ruiz,M,3816 Gutierrez Ways,East Durham,NY,12423,42.386,-74.1117,1097,Dentist,1948-04-27,374522422066,adults_50up_male_rural.json,90b6521c61b9a10e59028979b6687ced,2022-03-12,22:00:07,1647140407,home,38.85,0,fraud_Cole  Hills and Jewess,42.347349,-73.984348
157-73-9288,376205336452579,Joel,Howard,M,8129 Meagan Walks Apt. 834,Kirkman,IA,51447,41.7308,-95.2671,228,Camera operator,1969-11-16,84728646799,adults_50up_male_rural.json,d39e713c3a2f56bd4265b6b827277db3,2022-03-13,17:02:39,1647205359,home,15.73,0,fraud_Lynch-Wisozk,42.715778,-94.304036
157-73-9288,376205336452579,Joel,Howard,M,8129 Meagan Walks Apt. 834,Kirkman,IA,51447,41.7308,-95.2671,228,Camera operator,1969-11-16,84728646799,adults_50up_male_rural.json,0a881651e4176bc387b63baa08f11d58,2022-03-13,19:22:16,1647213736,home,117.28,0,fraud_Wuckert-Goldner,42.506331,-95.585367
157-73-9288,376205336452579,Joel,Howard,M,8129 Meagan Walks Apt. 834,Kirkman,IA,51447,41.7308,-95.2671,228,Camera operator,1969-11-16,84728646799,adults_50up_male_rural.json,efabedaba7b073e9a0c9745fbecc7718,2022-03-13,23:09:19,1647227359,home,166.32,0,fraud_Crist  Jakubowski and Littel,42.042502,-94.368179
157-73-9288,376205336452579,Joel,Howard,M,8129 Meagan Walks Apt. 834,Kirkman,IA,51447,41.7308,-95.2671,228,Camera operator,1969-11-16,84728646799,adults_50up_male_rural.json,3c22fc50918530a915f6fb8f5270b863,2022-03-14,22:56:01,1647312961,home,97.22,0,fraud_White and Sons,41.023663,-95.748422
157-73-9288,376205336452579,Joel,Howard,M,8129 Meagan Walks Apt. 834,Kirkman,IA,51447,41.7308,-95.2671,228,Camera operator,1969-11-16,84728646799,adults_50up_male_rural.json,a285974f4a5ee396a83dc8de56eb09da,2022-03-15,18:18:00,1647382680,home,6.14,0,fraud_Gerhold LLC,41.591251,-96.266414
483-17-4238,3551353465549475,Samuel,Ruiz,M,3816 Gutierrez Ways,East Durham,NY,12423,42.386,-74.1117,1097,Dentist,1948-04-27,374522422066,adults_50up_male_rural.json,c89b3cf989f7ad23d07e69312f112139,2022-03-15,22:15:19,1647396919,home,4.72,0,fraud_Prosacco  Kreiger and Kovacek,43.217100,-73.997052
157-73-9288,376205336452579,Joel,Howard,M,8129 Meagan Walks Apt. 834,Kirkman,IA,51447,41.7308,-95.2671,228,Camera operator,1969-11-16,84728646799,adults_50up_male_rural.json,744a03fc4943f64b035e0152909abef7,2022-03-16,15:53:51,1647460431,kids_pets,5.36,0,fraud_Ruecker-Mayert,41.767864,-95.546662
157-73-9288,376205336452579,Joel,Howard,M,8129 Meagan Walks Apt. 834,Kirkman,IA,51447,41.7308,-95.2671,228,Camera operator,1969-11-16,84728646799,adults_50up_male_rural.json,b099adb1ebd07fdcb4b4ce52e59a24de,2022-03-16,16:05:30,1647461130,kids_pets,20.92,0,fraud_Little Ltd,41.646421,-95.907269
157-73-9288,376205336452579,Joel,Howard,M,8129 Meagan Walks Apt. 834,Kirkman,IA,51447,41.7308,-95.2671,228,Camera operator,1969-11-16,84728646799,adults_50up_male_rural.json,29e317ffdd778f9eb479fca672ee931a,2022-03-16,16:25:23,1647462323,home,44.23,0,fraud_McDermott  Osinski and Morar,41.360345,-95.878509
157-73-9288,376205336452579,Joel,Howard,M,8129 Meagan Walks Apt. 834,Kirkman,IA,51447,41.7308,-95.2671,228,Camera operator,1969-11-16,84728646799,adults_50up_male_rural.json,de221d22c86e3725e1466323fc830a29,2022-03-17,13:34:10,1647538450,kids_pets,36.20,0,fraud_Nolan-Williamson,42.624379,-95.378779
157-73-9288,376205336452579,Joel,Howard,M,8129 Meagan Walks Apt. 834,Kirkman,IA,51447,41.7308,-95.2671,228,Camera operator,1969-11-16,84728646799,adults_50up_male_rural.json,bf253c9a9f6055d86d15d7e4f7a2ac5f,2022-03-17,13:44:10,1647539050,kids_pets,6.23,0,fraud_Ruecker-Mayert,41.370688,-95.236902
157-73-9288,376205336452579,Joel,Howard,M,8129 Meagan Walks Apt. 834,Kirkman,IA,51447,41.7308,-95.2671,228,Camera operator,1969-11-16,84728646799,adults_50up_male_rural.json,344b535e0ad00ba5d884afde5793f40b,2022-03-17,19:19:09,1647559149,kids_pets,71.07,0,fraud_Breitenberg-Hermiston,42.450522,-96.152494
483-17-4238,3551353465549475,Samuel,Ruiz,M,3816 Gutierrez Ways,East Durham,NY,12423,42.386,-74.1117,1097,Dentist,1948-04-27,374522422066,adults_50up_male_rural.json,9acf3155902bc28c89ab4b083bb6af03,2022-03-17,19:33:09,1647559989,kids_pets,46.85,0,fraud_Pouros  Walker and Spencer,41.781541,-73.831689
483-17-4238,3551353465549475,Samuel,Ruiz,M,3816 Gutierrez Ways,East Durham,NY,12423,42.386,-74.1117,1097,Dentist,1948-04-27,374522422066,adults_50up_male_rural.json,3411d8cdc87a51ff87b63903015d3bb5,2022-03-18,12:16:59,1647620219,kids_pets,78.60,0,fraud_Rau-Robel,43.039878,-74.538717
157-73-9288,376205336452579,Joel,Howard,M,8129 Meagan Walks Apt. 834,Kirkman,IA,51447,41.7308,-95.2671,228,Camera operator,1969-11-16,84728646799,adults_50up_male_rural.json,093fcf9dabdd5580b2d63ed85565d18f,2022-03-18,12:32:56,1647621176,kids_pets,72.33,0,fraud_Nolan-Williamson,41.486486,-95.570632
483-17-4238,3551353465549475,Samuel,Ruiz,M,3816 Gutierrez Ways,East Durham,NY,12423,42.386,-74.1117,1097,Dentist,1948-04-27,374522422066,adults_50up_male_rural.json,e433b1eb625893f937c9f2b2003621f5,2022-03-18,15:11:13,1647630673,kids_pets,148.23,0,fraud_Ruecker-Mayert,42.419823,-74.906176
157-73-9288,376205336452579,Joel,Howard,M,8129 Meagan Walks Apt. 834,Kirkman,IA,51447,41.7308,-95.2671,228,Camera operator,1969-11-16,84728646799,adults_50up_male_rural.json,587bf413a8cced944017f14c52a058d7,2022-03-18,15:42:41,1647632561,kids_pets,98.92,0,fraud_Rau-Robel,42.557804,-94.409902
483-17-4238,3551353465549475,Samuel,Ruiz,M,3816 Gutierrez Ways,East Durham,NY,12423,42.386,-74.1117,1097,Dentist,1948-04-27,374522422066,adults_50up_male_rural.json,34222e72d04af4b4a820d6741f77c553,2022-03-18,22:48:40,1647658120,kids_pets,6.04,0,fraud_Nolan-Williamson,43.245830,-74.678651
157-73-9288,376205336452579,Joel,Howard,M,8129 Meagan Walks Apt. 834,Kirkman,IA,51447,41.7308,-95.2671,228,Camera operator,1969-11-16,84728646799,adults_50up_male_rural.json,09b17fc10992d9e4d6ba08d3fe4afa52,2022-03-19,15:29:23,1647718163,kids_pets,12.22,0,fraud_Ruecker-Mayert,42.503917,-95.037794
157-73-9288,376205336452579,Joel,Howard,M,8129 Meagan Walks Apt. 834,Kirkman,IA,51447,41.7308,-95.2671,228,Camera operator,1969-11-16,84728646799,adults_50up_male_rural.json,89707155286749cbed778503c5fba624,2022-03-19,16:00:54,1647720054,kids_pets,5.25,0,fraud_Wilkinson PLC,42.175117,-94.315811
157-73-9288,376205336452579,Joel,Howard,M,8129 Meagan Walks Apt. 834,Kirkman,IA,51447,41.7308,-95.2671,228,Camera operator,1969-11-16,84728646799,adults_50up_male_rural.json,9599e280c6c8e90f5d41139e604da718,2022-03-19,16:40:03,1647722403,kids_pets,70.87,0,fraud_Hoppe-Parisian,42.673179,-95.842303
157-73-9288,376205336452579,Joel,Howard,M,8129 Meagan Walks Apt. 834,Kirkman,IA,51447,41.7308,-95.2671,228,Camera operator,1969-11-16,84728646799,adults_50up_male_rural.json,3e9e55c5d9938f08ea10db3cf00a48b0,2022-03-19,16:58:22,1647723502,kids_pets,68.36,0,fraud_Lang  Towne and Schuppe,41.995754,-95.109227
157-73-9288,376205336452579,Joel,Howard,M,8129 Meagan Walks Apt. 834,Kirkman,IA,51447,41.7308,-95.2671,228,Camera operator,1969-11-16,84728646799,adults_50up_male_rural.json,13a1e471f46e5a8ab986a4a1ced8f040,2022-03-19,18:42:11,1647729731,kids_pets,7.01,0,fraud_Ullrich Ltd,42.442586,-95.728050
157-73-9288,376205336452579,Joel,Howard,M,8129 Meagan Walks Apt. 834,Kirkman,IA,51447,41.7308,-95.2671,228,Camera operator,1969-11-16,84728646799,adults_50up_male_rural.json,25d57b919567429aadbb98c06d00613c,2022-03-19,18:48:40,1647730120,kids_pets,129.29,0,fraud_Lang  Towne and Schuppe,42.076928,-96.150750
157-73-9288,376205336452579,Joel,Howard,M,8129 Meagan Walks Apt. 834,Kirkman,IA,51447,41.7308,-95.2671,228,Camera operator,1969-11-16,84728646799,adults_50up_male_rural.json,630f96ea3c51a270a55c46f575e7bac0,2022-03-19,18:55:08,1647730508,kids_pets,9.54,0,fraud_Wilkinson PLC,42.047946,-94.302771
157-73-9288,376205336452579,Joel,Howard,M,8129 Meagan Walks Apt. 834,Kirkman,IA,51447,41.7308,-95.2671,228,Camera operator,1969-11-16,84728646799,adults_50up_male_rural.json,c5b82d7b439ee0e07cdc06a62d0384cc,2022-03-19,20:28:37,1647736117,kids_pets,22.33,0,fraud_Schaefer Ltd,41.946767,-95.352062
157-73-9288,376205336452579,Joel,Howard,M,8129 Meagan Walks Apt. 834,Kirkman,IA,51447,41.7308,-95.2671,228,Camera operator,1969-11-16,84728646799,adults_50up_male_rural.json,318fae6e98efb5cb0089a297edb5d5da,2022-03-19,21:53:42,1647741222,kids_pets,8.05,0,fraud_Hammes-Beatty,41.078861,-94.299322
157-73-9288,376205336452579,Joel,Howard,M,8129 Meagan Walks Apt. 834,Kirkman,IA,51447,41.7308,-95.2671,228,Camera operator,1969-11-16,84728646799,adults_50up_male_rural.json,6196a0ab1bff7c30ffd26204fe82eafa,2022-03-19,22:00:12,1647741612,kids_pets,132.63,0,fraud_Little Ltd,41.732330,-94.385205
157-73-9288,376205336452579,Joel,Howard,M,8129 Meagan Walks Apt. 834,Kirkman,IA,51447,41.7308,-95.2671,228,Camera operator,1969-11-16,84728646799,adults_50up_male_rural.json,af0a54b360b37a9a2df0444e5164e441,2022-03-19,22:03:48,1647741828,kids_pets,29.24,0,fraud_Schoen Ltd,42.491379,-94.329166
483-17-4238,3551353465549475,Samuel,Ruiz,M,3816 Gutierrez Ways,East Durham,NY,12423,42.386,-74.1117,1097,Dentist,1948-04-27,374522422066,adults_50up_male_rural.json,074c5ae132a778fa6440d8a47e09e5f6,2022-03-19,22:58:37,1647745117,kids_pets,136.31,0,fraud_Hauck  Dietrich and Funk,41.920162,-74.449005
483-17-4238,3551353465549475,Samuel,Ruiz,M,3816 Gutierrez Ways,East Durham,NY,12423,42.386,-74.1117,1097,Dentist,1948-04-27,374522422066,adults_50up_male_rural.json,f1e5b792769df291c06bf2b29e7b58e0,2022-03-19,23:25:05,1647746705,kids_pets,34.88,0,fraud_Pouros  Walker and Spencer,42.210834,-73.516237
157-73-9288,376205336452579,Joel,Howard,M,8129 Meagan Walks Apt. 834,Kirkman,IA,51447,41.7308,-95.2671,228,Camera operator,1969-11-16,84728646799,adults_50up_male_rural.json,d92c06e7e256bb1c633005bc1bbb7e0d,2022-03-20,12:43:57,1647794637,kids_pets,25.17,0,fraud_Weber  Thiel and Hammes,41.032170,-96.187933
483-17-4238,3551353465549475,Samuel,Ruiz,M,3816 Gutierrez Ways,East Durham,NY,12423,42.386,-74.1117,1097,Dentist,1948-04-27,374522422066,adults_50up_male_rural.json,97f4fe132134a559157363f04e3cf84d,2022-03-20,12:59:27,1647795567,kids_pets,53.77,0,fraud_Gleason and Sons,42.563427,-74.048458
483-17-4238,3551353465549475,Samuel,Ruiz,M,3816 Gutierrez Ways,East Durham,NY,12423,42.386,-74.1117,1097,Dentist,1948-04-27,374522422066,adults_50up_male_rural.json,d8868f1cbd4f0c3a0e5b78646d3c1b9e,2022-03-20,13:06:38,1647795998,kids_pets,46.10,0,fraud_Hilpert-Conroy,42.127265,-73.832432
483-17-4238,3551353465549475,Samuel,Ruiz,M,3816 Gutierrez Ways,East Durham,NY,12423,42.386,-74.1117,1097,Dentist,1948-04-27,374522422066,adults_50up_male_rural.json,356a80585d0d07dd911d231bdb663083,2022-03-20,16:15:28,1647807328,kids_pets,35.31,0,fraud_Rau-Robel,43.237566,-73.406663
157-73-9288,376205336452579,Joel,Howard,M,8129 Meagan Walks Apt. 834,Kirkman,IA,51447,41.7308,-95.2671,228,Camera operator,1969-11-16,84728646799,adults_50up_male_rural.json,4388e476707f9ba564fd91e0e097e48c,2022-03-20,16:21:17,1647807677,kids_pets,9.07,0,fraud_Rau-Robel,41.319213,-96.184552
157-73-9288,376205336452579,Joel,Howard,M,8129 Meagan Walks Apt. 834,Kirkman,IA,51447,41.7308,-95.2671,228,Camera operator,1969-11-16,84728646799,adults_50up_male_rural.json,eddb154eaaa1b7746fae43be57b7054a,2022-03-20,23:54:58,1647834898,kids_pets,97.05,0,fraud_Schoen Ltd,41.683292,-94.686626
157-73-9288,376205336452579,Joel,Howard,M,8129 Meagan Walks Apt. 834,Kirkman,IA,51447,41.7308,-95.2671,228,Camera operator,1969-11-16,84728646799,adults_50up_male_rural.json,79c86d87ec36551f0589e03f3ff19c65,2022-03-21,12:20:46,1647879646,kids_pets,38.65,0,fraud_Lubowitz-Walter,40.823740,-95.719534
483-17-4238,3551353465549475,Samuel,Ruiz,M,3816 Gutierrez Ways,East Durham,NY,12423,42.386,-74.1117,1097,Dentist,1948-04-27,374522422066,adults_50up_male_rural.json,da76beef5feeb5d36a0dca7642d38e39,2022-03-21,20:32:35,1647909155,kids_pets,55.42,0,fraud_Hoppe-Parisian,42.384160,-74.844658
157-73-9288,376205336452579,Joel,Howard,M,8129 Meagan Walks Apt. 834,Kirkman,IA,51447,41.7308,-95.2671,228,Camera operator,1969-11-16,84728646799,adults_50up_male_rural.json,51b465d1dbfcd080b6916cebd2783203,2022-03-21,20:57:50,1647910670,kids_pets,34.86,0,fraud_Beer-Jast,41.641334,-94.585997
157-73-9288,376205336452579,Joel,Howard,M,8129 Meagan Walks Apt. 834,Kirkman,IA,51447,41.7308,-95.2671,228,Camera operator,1969-11-16,84728646799,adults_50up_male_rural.json,088df43f1aabc7487226c3294b66b4bb,2022-03-21,22:26:55,1647916015,kids_pets,1.91,0,fraud_Pacocha-Weissnat,42.528184,-95.614574
483-17-4238,3551353465549475,Samuel,Ruiz,M,3816 Gutierrez Ways,East Durham,NY,12423,42.386,-74.1117,1097,Dentist,1948-04-27,374522422066,adults_50up_male_rural.json,afbc942b80945fec42163fbc2f298448,2022-03-22,16:19:07,1647980347,kids_pets,50.79,0,fraud_Streich  Rolfson and Wilderman,41.890628,-75.002573
157-73-9288,376205336452579,Joel,Howard,M,8129 Meagan Walks Apt. 834,Kirkman,IA,51447,41.7308,-95.2671,228,Camera operator,1969-11-16,84728646799,adults_50up_male_rural.json,da1fe0e9c4fcd6fefc7bcb701bcde640,2022-03-22,18:03:18,1647986598,kids_pets,2.32,0,fraud_Weber  Thiel and Hammes,40.954617,-94.842130
157-73-9288,376205336452579,Joel,Howard,M,8129 Meagan Walks Apt. 834,Kirkman,IA,51447,41.7308,-95.2671,228,Camera operator,1969-11-16,84728646799,adults_50up_male_rural.json,ff8a95d7ac98ebb2d8c39911641af65f,2022-03-23,12:18:26,1648052306,personal_care,13.78,0,fraud_Schoen  Nienow and Bauch,41.200828,-95.611743
157-73-9288,376205336452579,Joel,Howard,M,8129 Meagan Walks Apt. 834,Kirkman,IA,51447,41.7308,-95.2671,228,Camera operator,1969-11-16,84728646799,adults_50up_male_rural.json,fdd56f626c7e47b5d8eca30650eb62fc,2022-03-23,14:04:29,1648058669,personal_care,72.84,0,fraud_Labadie LLC,40.823240,-94.831072
483-17-4238,3551353465549475,Samuel,Ruiz,M,3816 Gutierrez Ways,East Durham,NY,12423,42.386,-74.1117,1097,Dentist,1948-04-27,374522422066,adults_50up_male_rural.json,0583222e0b64cb9251f32545be217a02,2022-03-23,16:28:10,1648067290,kids_pets,244.93,0,fraud_Lowe  Dietrich and Erdman,41.775601,-73.282387
157-73-9288,376205336452579,Joel,Howard,M,8129 Meagan Walks Apt. 834,Kirkman,IA,51447,41.7308,-95.2671,228,Camera operator,1969-11-16,84728646799,adults_50up_male_rural.json,7437fa49146351d94a8b763526284190,2022-03-23,17:14:43,1648070083,kids_pets,72.83,0,fraud_Lowe  Dietrich and Erdman,42.221858,-95.071216
483-17-4238,3551353465549475,Samuel,Ruiz,M,3816 Gutierrez Ways,East Durham,NY,12423,42.386,-74.1117,1097,Dentist,1948-04-27,374522422066,adults_50up_male_rural.json,013241a3bcb5895751095e6c8421984f,2022-03-23,18:27:17,1648074437,personal_care,49.50,0,fraud_Marvin-Lind,41.543905,-73.159118
157-73-9288,376205336452579,Joel,Howard,M,8129 Meagan Walks Apt. 834,Kirkman,IA,51447,41.7308,-95.2671,228,Camera operator,1969-11-16,84728646799,adults_50up_male_rural.json,6d80c9140cd5accf0333a0d28b32ba23,2022-03-23,18:55:02,1648076102,kids_pets,59.63,0,fraud_Bode-Schuster,40.786922,-96.167383
157-73-9288,376205336452579,Joel,Howard,M,8129 Meagan Walks Apt. 834,Kirkman,IA,51447,41.7308,-95.2671,228,Camera operator,1969-11-16,84728646799,adults_50up_male_rural.json,748b1bbcccdbead749b21c15a911a93e,2022-03-24,14:37:18,1648147038,personal_care,62.59,0,fraud_Kihn  Brakus and Goyette,41.925694,-94.686798
157-73-9288,376205336452579,Joel,Howard,M,8129 Meagan Walks Apt. 834,Kirkman,IA,51447,41.7308,-95.2671,228,Camera operator,1969-11-16,84728646799,adults_50up_male_rural.json,efe228584eded27aed527bd61f31045c,2022-03-25,12:22:09,1648225329,personal_care,84.09,0,fraud_Schiller Ltd,40.908343,-95.307198
483-17-4238,3551353465549475,Samuel,Ruiz,M,3816 Gutierrez Ways,East Durham,NY,12423,42.386,-74.1117,1097,Dentist,1948-04-27,374522422066,adults_50up_male_rural.json,29f50930eb632bc210587416520f42eb,2022-03-25,14:31:30,1648233090,personal_care,15.92,0,fraud_Yost-Rogahn,42.042888,-74.940819
157-73-9288,376205336452579,Joel,Howard,M,8129 Meagan Walks Apt. 834,Kirkman,IA,51447,41.7308,-95.2671,228,Camera operator,1969-11-16,84728646799,adults_50up_male_rural.json,e3637b8804282b5d8bb36b68d9e1fca4,2022-03-25,15:54:58,1648238098,personal_care,203.19,0,fraud_Friesen-Ortiz,41.396636,-95.433705
157-73-9288,376205336452579,Joel,Howard,M,8129 Meagan Walks Apt. 834,Kirkman,IA,51447,41.7308,-95.2671,228,Camera operator,1969-11-16,84728646799,adults_50up_male_rural.json,cf9c35adbdcf8ee919121c13d0cc361f,2022-03-25,22:19:50,1648261190,personal_care,49.79,0,fraud_Shanahan-Lehner,40.909096,-95.650521
157-73-9288,376205336452579,Joel,Howard,M,8129 Meagan Walks Apt. 834,Kirkman,IA,51447,41.7308,-95.2671,228,Camera operator,1969-11-16,84728646799,adults_50up_male_rural.json,9ad7e1bf14374a4b31545a0da0fe01ad,2022-03-25,22:44:38,1648262678,personal_care,25.84,0,fraud_Emmerich-Rau,42.210114,-95.537771
157-73-9288,376205336452579,Joel,Howard,M,8129 Meagan Walks Apt. 834,Kirkman,IA,51447,41.7308,-95.2671,228,Camera operator,1969-11-16,84728646799,adults_50up_male_rural.json,41d28c05f1cbbaca46a165d108d9e0ad,2022-03-25,23:51:35,1648266695,personal_care,39.67,0,fraud_Schiller Ltd,42.455523,-96.111144
483-17-4238,3551353465549475,Samuel,Ruiz,M,3816 Gutierrez Ways,East Durham,NY,12423,42.386,-74.1117,1097,Dentist,1948-04-27,374522422066,adults_50up_male_rural.json,0cc552b4ff90e7cee9f8ac5a074661d4,2022-03-26,15:44:32,1648323872,personal_care,15.75,0,fraud_Langworth LLC,42.759791,-74.327574
157-73-9288,376205336452579,Joel,Howard,M,8129 Meagan Walks Apt. 834,Kirkman,IA,51447,41.7308,-95.2671,228,Camera operator,1969-11-16,84728646799,adults_50up_male_rural.json,7806534b56753dd3213d920855d1ad83,2022-03-26,16:14:38,1648325678,personal_care,21.58,0,fraud_Zemlak  Tillman and Cremin,41.319095,-94.533041
483-17-4238,3551353465549475,Samuel,Ruiz,M,3816 Gutierrez Ways,East Durham,NY,12423,42.386,-74.1117,1097,Dentist,1948-04-27,374522422066,adults_50up_male_rural.json,3b7e3983a1ff536c2b83fc6a6462344f,2022-03-26,17:44:02,1648331042,personal_care,14.62,0,fraud_Homenick LLC,43.097359,-74.072526
157-73-9288,376205336452579,Joel,Howard,M,8129 Meagan Walks Apt. 834,Kirkman,IA,51447,41.7308,-95.2671,228,Camera operator,1969-11-16,84728646799,adults_50up_male_rural.json,cdffe471c4814fb6244ce1cfe8e6489b,2022-03-26,18:07:47,1648332467,personal_care,60.18,0,fraud_Bins-Howell,42.330148,-95.465583
483-17-4238,3551353465549475,Samuel,Ruiz,M,3816 Gutierrez Ways,East Durham,NY,12423,42.386,-74.1117,1097,Dentist,1948-04-27,374522422066,adults_50up_male_rural.json,1e6a01d0ac3c66dc671373aef3bce5a8,2022-03-26,18:24:30,1648333470,personal_care,25.59,0,fraud_Reichel LLC,41.425114,-73.112460
483-17-4238,3551353465549475,Samuel,Ruiz,M,3816 Gutierrez Ways,East Durham,NY,12423,42.386,-74.1117,1097,Dentist,1948-04-27,374522422066,adults_50up_male_rural.json,4d5f0b5a75e251fc18e8b74d7fbb6d24,2022-03-26,21:14:13,1648343653,personal_care,38.60,0,fraud_Bartoletti and Sons,42.581467,-74.685171
483-17-4238,3551353465549475,Samuel,Ruiz,M,3816 Gutierrez Ways,East Durham,NY,12423,42.386,-74.1117,1097,Dentist,1948-04-27,374522422066,adults_50up_male_rural.json,32f3eb848161e280484f17696c38d268,2022-03-27,13:04:25,1648400665,personal_care,26.31,0,fraud_Kihn  Brakus and Goyette,41.731938,-74.728337
157-73-9288,376205336452579,Joel,Howard,M,8129 Meagan Walks Apt. 834,Kirkman,IA,51447,41.7308,-95.2671,228,Camera operator,1969-11-16,84728646799,adults_50up_male_rural.json,cbb1a924407ab793bdebfc510c248b58,2022-03-27,18:16:44,1648419404,personal_care,13.33,0,fraud_Monahan-Morar,41.000877,-95.537216
157-73-9288,376205336452579,Joel,Howard,M,8129 Meagan Walks Apt. 834,Kirkman,IA,51447,41.7308,-95.2671,228,Camera operator,1969-11-16,84728646799,adults_50up_male_rural.json,817d17902b562b813764693ffa42d6c5,2022-03-27,19:41:03,1648424463,personal_care,36.38,0,fraud_Schmeler-Howe,42.351222,-94.760006
483-17-4238,3551353465549475,Samuel,Ruiz,M,3816 Gutierrez Ways,East Durham,NY,12423,42.386,-74.1117,1097,Dentist,1948-04-27,374522422066,adults_50up_male_rural.json,d5ad9edc24e17434aad86f00d018e6d0,2022-03-27,20:50:52,1648428652,personal_care,21.61,0,fraud_Monahan-Morar,41.576679,-73.914566
157-73-9288,376205336452579,Joel,Howard,M,8129 Meagan Walks Apt. 834,Kirkman,IA,51447,41.7308,-95.2671,228,Camera operator,1969-11-16,84728646799,adults_50up_male_rural.json,a15eaac367e19d2041ec275737963f97,2022-03-28,13:41:17,1648489277,travel,24.54,0,fraud_Larson  Quitzon and Spencer,40.927750,-96.240880
157-73-9288,376205336452579,Joel,Howard,M,8129 Meagan Walks Apt. 834,Kirkman,IA,51447,41.7308,-95.2671,228,Camera operator,1969-11-16,84728646799,adults_50up_male_rural.json,f42734b3b9f63d56bf60915855533ef9,2022-03-28,16:02:33,1648497753,travel,27.67,0,fraud_Boyer-Haley,40.994981,-95.672706
483-17-4238,3551353465549475,Samuel,Ruiz,M,3816 Gutierrez Ways,East Durham,NY,12423,42.386,-74.1117,1097,Dentist,1948-04-27,374522422066,adults_50up_male_rural.json,79db24166db108b5ad788a91a690a762,2022-03-28,22:54:25,1648522465,personal_care,3.44,0,fraud_Schiller Ltd,42.767064,-74.368644
157-73-9288,376205336452579,Joel,Howard,M,8129 Meagan Walks Apt. 834,Kirkman,IA,51447,41.7308,-95.2671,228,Camera operator,1969-11-16,84728646799,adults_50up_male_rural.json,0580e855c819d75b8af7b9ac41511cf8,2022-03-29,15:02:13,1648580533,travel,45.07,0,fraud_Little-Gleichner,41.449063,-96.168091
157-73-9288,376205336452579,Joel,Howard,M,8129 Meagan Walks Apt. 834,Kirkman,IA,51447,41.7308,-95.2671,228,Camera operator,1969-11-16,84728646799,adults_50up_male_rural.json,e3869ac8b5d4a84eebe1e07cf70c972e,2022-03-29,15:43:16,1648582996,travel,13.55,0,fraud_Eichmann  Hayes and Treutel,41.011351,-95.039551
157-73-9288,376205336452579,Joel,Howard,M,8129 Meagan Walks Apt. 834,Kirkman,IA,51447,41.7308,-95.2671,228,Camera operator,1969-11-16,84728646799,adults_50up_male_rural.json,256f031538c5bfc7e0f6dbebc8eb7815,2022-03-29,18:01:41,1648591301,travel,2.41,0,fraud_Kunze  Larkin and Mayert,42.529601,-95.133829
483-17-4238,3551353465549475,Samuel,Ruiz,M,3816 Gutierrez Ways,East Durham,NY,12423,42.386,-74.1117,1097,Dentist,1948-04-27,374522422066,adults_50up_male_rural.json,86e55e696a3b40f5c306073fab1e2014,2022-03-29,18:30:42,1648593042,travel,9.20,0,fraud_Ebert-Daugherty,42.285185,-73.131452
483-17-4238,3551353465549475,Samuel,Ruiz,M,3816 Gutierrez Ways,East Durham,NY,12423,42.386,-74.1117,1097,Dentist,1948-04-27,374522422066,adults_50up_male_rural.json,48e5b991ce06a778e08906d2e7a9494d,2022-03-30,13:53:46,1648662826,travel,146.13,0,fraud_McLaughlin  Armstrong and Koepp,42.649031,-74.450107
483-17-4238,3551353465549475,Samuel,Ruiz,M,3816 Gutierrez Ways,East Durham,NY,12423,42.386,-74.1117,1097,Dentist,1948-04-27,374522422066,adults_50up_male_rural.json,373324b2eb7a6570b5eb3577a3001421,2022-03-30,23:54:52,1648698892,travel,139.10,0,fraud_Leannon-Nikolaus,42.800959,-73.350572
157-73-9288,376205336452579,Joel,Howard,M,8129 Meagan Walks Apt. 834,Kirkman,IA,51447,41.7308,-95.2671,228,Camera operator,1969-11-16,84728646799,adults_50up_male_rural.json,841172eb421d8a9783aebb8bbaeaa5bb,2022-03-31,22:50:00,1648781400,travel,81.81,0,fraud_Ritchie  Oberbrunner and Cremin,41.645993,-95.571765
